Country Code,Year,Immunization USD Mil_predicted,Immunization USD Mil_predicted_full_coverage,Vaccine USD Mil_predicted,mape_immunization,mape_immunization_adjusted,mape_vaccine,mape_vaccine_adjusted,prediction_immunization,prediction_vaccine,Country,Region,Gavi / Income status,total_immunization in USD,gov_immunization in USD,total_vaccine in USD,gov_vaccine in USD,BCG_DOSES,DTPCV1_DOSES,DTPCV3_DOSES,HEPB3_DOSES,HEPB_BD_DOSES,HIB3_DOSES,JAPENC_DOSES,MCV1_DOSES,MCV2_DOSES,PAB_DOSES,PCV1_DOSES,PCV2_DOSES,PCV3_DOSES,POL3_DOSES,RCV1_DOSES,ROTA1_DOSES,ROTAC_DOSES,TT2PLUS_DOSES,VAD1_DOSES,BCG_COVERAGE,DTPCV1_COVERAGE,DTPCV3_COVERAGE,HEPB3_COVERAGE,HEPB_BD_COVERAGE,HIB3_COVERAGE,JAPENC_COVERAGE,MCV1_COVERAGE,MCV2_COVERAGE,PAB_COVERAGE,PCV1_COVERAGE,PCV2_COVERAGE,PCV3_COVERAGE,POL3_COVERAGE,RCV1_COVERAGE,ROTA1_COVERAGE,ROTAC_COVERAGE,TT2PLUS_COVERAGE,VAD1_COVERAGE,BCG_TARGET_NUMBER,DTPCV1_TARGET_NUMBER,DTPCV3_TARGET_NUMBER,HEPB3_TARGET_NUMBER,HEPB_BD_TARGET_NUMBER,HIB3_TARGET_NUMBER,JAPENC_TARGET_NUMBER,MCV1_TARGET_NUMBER,MCV2_TARGET_NUMBER,PAB_TARGET_NUMBER,PCV1_TARGET_NUMBER,PCV2_TARGET_NUMBER,PCV3_TARGET_NUMBER,POL3_TARGET_NUMBER,RCV1_TARGET_NUMBER,ROTA1_TARGET_NUMBER,ROTAC_TARGET_NUMBER,TT2PLUS_TARGET_NUMBER,VAD1_TARGET_NUMBER,GDP_Million,GDP_Constant_Million,birthrate_crude_per_1000,total_population,total_population_0-14,total_population_15-64,total_population_65-Up,birth_per_year,land_area,gdp deflator index,total_vaccine_delivery_cost in USD,Vaccine USD Mil,Immunization USD Mil,Vaccine Delivery Cost USD Mil,gov_to_total_immunization_ratio,gov_to_total_vaccine_ratio
ALB,2020,4.024406421333182,3.7247076781282478,3.5092060439380313,32.00678668536295,32.00678668536295,15.10741341170383,15.10741341170383,overprediction,overprediction,Albania,EURO,non-Gavi middle income countries,3048636.0,2987046.0,3048636.0,2987046.0,27769.0,27699.0,27644.0,27644.0,28174.0,27644.0,0.0,25554.0,28025.0,0.0,27663.0,27621.0,25929.0,27610.0,25554.0,27699.0,27644.0,0.0,0.0,97.97,98.66,98.46,98.46,99.4,98.46,0.0,91.02,94.07,0.0,98.53,98.38,92.36,98.34,91.02,98.66,98.46,0.0,0.0,28345.0,28075.0,28075.0,28075.0,28345.0,28075.0,0.0,28075.0,29792.0,0.0,28075.0,28075.0,28075.0,28075.0,28075.0,28075.0,28075.0,0.0,0.0,15131.866270593599,13321.487739264605,10.285,2837849.0,467437.0,1921404.0,449008.0,29187.276965,27400.0,0.979280189272635,0.0,3.048636,3.048636,0.0,0.9797975225641894,0.9797975225641894
AGO,2020,32.68323564219763,33.985033483481644,41.490328417120885,5.489283824432321,5.489283824432321,122.65877483520894,122.65877483520894,overprediction,overprediction,Angola,AFRO,non-Gavi middle income countries,30982517.33,28689979.83,18634041.46,17308110.46,936639.0,918241.0,787048.0,787048.0,0.0,787048.0,0.0,794837.0,520101.0,0.0,953604.0,831315.0,833235.0,787795.0,794837.0,827736.0,697043.0,466574.0,551157.0,81.34,84.27,72.23,72.23,0.0,72.23,0.0,72.94,47.73,0.0,87.51,76.29,76.47,72.3,72.94,75.96,63.97,40.52,50.58,1151492.0,1089677.0,1089677.0,1089677.0,0.0,1089677.0,0.0,1089677.0,1089677.0,1151492.0,1089677.0,1089677.0,1089677.0,1089677.0,1089677.0,1089677.0,1089677.0,1151492.0,1089677.0,53619.073505137705,83532.49275003411,39.271,33428486.0,15145311.0,17417386.0,865789.0,1312770.073706,1246700.0,0.979280189272635,12092617.787202165,18.634041460000002,30.98251733,12.348475869999998,0.9260054476664438,0.9288436165151691
AGO,2021,36.2321310815645,35.29635287503731,50.502289065982204,16.94379472644041,16.94379472644041,171.02166978156916,171.02166978156916,overprediction,overprediction,Angola,AFRO,non-Gavi middle income countries,30982517.0,28689979.0,18634041.0,17308110.0,922812.0,891869.0,728009.0,728009.0,0.0,728009.0,0.0,719920.0,444287.0,545200.0,802816.0,677701.0,647811.0,712927.0,719920.0,760705.0,608787.0,545200.0,605309.0,78.7,80.32,65.56,65.56,0.0,65.56,0.0,64.83,40.01,46.5,72.3,61.03,58.34,64.2,64.83,68.51,54.82,46.5,54.51,1172592.0,1110425.0,1110425.0,1110425.0,0.0,1110425.0,0.0,1110425.0,1110425.0,1172592.0,1110425.0,1110425.0,1110425.0,1110425.0,1110425.0,1110425.0,1110425.0,1172592.0,1110425.0,67404.2872603199,84451.3501702842,,34503774.0,15588496.0,18020088.0,895190.0,,1246700.0,0.9371748695001586,11572681.383825842,18.634041,30.982517,12.348476000000002,0.9260054307401816,0.9288436147586023
ARG,2021,238.53403617554878,216.66908551251015,221.3531376367716,29.18022817029287,41.20350492015069,34.11402310362994,51.777365549708385,underprediction,underprediction,Argentina,AMRO,non-Gavi middle income countries,336818419.507375,336818419.507375,335963960.866712,335963960.866712,431366.0,473311.0,438638.0,438638.0,417579.0,438638.0,,484718.0,572149.0,0.0,475260.0,450296.0,442607.0,424174.0,484718.0,455113.0,423025.0,0.0,0.0,79.83,87.59,81.18,81.18,77.28,81.18,,86.43,79.2,0.0,87.95,83.33,78.92,78.5,86.43,84.23,78.29,0.0,0.0,540346.0,540346.0,540346.0,540346.0,540346.0,540346.0,,560851.0,722385.0,0.0,540346.0,540346.0,560851.0,540346.0,560851.0,540346.0,540346.0,0.0,0.0,487227.33910266997,604696.3686716373,,45808747.0,10699429.0,29693851.0,5415468.0,,2736690.0,0.9371748695001586,800777.1650566459,335.963960866712,336.81841950737504,0.854458640663017,1.0,1.0
AZE,2020,7.763301174010678,6.77085182822973,5.8530441448233415,296.87995895212424,296.87995895212424,238.9953664475329,238.9953664475329,overprediction,overprediction,Azerbaijan,EURO,non-Gavi middle income countries,1956082.94117647,1580966.47058824,1726585.29411765,1358740.58823529,119763.0,106566.0,99582.0,99582.0,124874.0,99582.0,0.0,108995.0,125522.0,0.0,112065.0,104794.0,100061.0,106554.0,108995.0,0.0,0.0,0.0,108516.0,94.08,84.54,79.0,79.0,98.09,79.0,0.0,82.26,78.92,0.0,88.9,83.13,79.38,84.53,82.26,0.0,0.0,0.0,81.9,127303.0,126055.0,126055.0,126055.0,127303.0,126055.0,0.0,132501.0,159050.0,0.0,126055.0,126055.0,126055.0,126055.0,132501.0,0.0,0.0,0.0,132501.0,42693.0,54608.24638241961,12.5,10093121.0,2444968.0,6994975.0,653178.0,126164.01250000001,82654.0,0.979280189272635,224742.49924938544,1.72658529411765,1.9560829411764697,0.22949764705881978,0.8082307949771194,0.7869524852692884
BGD,2020,84.73395643985299,95.66079779219756,85.20686289177299,14.273913998164527,16.650607375051408,5.176750494709618,5.176750494709618,underprediction,overprediction,Bangladesh,SEARO,Gavi low-middle income countries,98842674.84,41049991.55,81013020.93,31695427.93,3787022.0,3737688.0,3623348.0,3623348.0,0.0,3623348.0,0.0,3570965.0,3522323.0,0.0,3745257.0,3669327.0,3630847.0,3629177.0,3570965.0,0.0,0.0,1795457.0,20785857.0,110.04,113.49,110.02,110.02,0.0,110.02,0.0,108.43,106.95,0.0,113.72,111.41,110.24,110.19,108.43,0.0,0.0,47.43,96.75,3441465.0,3293482.0,3293482.0,3293482.0,0.0,3293482.0,0.0,3293482.0,3293482.0,0.0,3293482.0,3293482.0,3293482.0,3293482.0,3293482.0,0.0,0.0,3785612.0,21484331.0,373902.13470040995,283922.9941245192,18.053,167420951.0,45173820.0,112816371.0,9430760.0,3022450.428403,130170.0,0.979280189272635,17460226.85565038,81.01302093,98.84267484,17.82965391,0.41530636050116015,0.39123868689437846
BGD,2021,90.998735764588,130.79446706075228,89.865466289552,25.772802912607983,25.772802912607983,45.45590901670926,45.45590901670926,overprediction,overprediction,Bangladesh,SEARO,Gavi low-middle income countries,72351679.9,33566952.0,61781928.9,25909238.9,4041757.0,4006351.0,3916669.0,3916669.0,0.0,3916669.0,0.0,3912190.0,3816789.0,0.0,4003471.0,3966691.0,3919995.0,3925506.0,3912190.0,0.0,0.0,1815327.0,21125702.0,116.53,120.7,118.0,118.0,0.0,118.0,0.0,117.86,114.99,0.0,120.61,119.51,118.1,118.27,117.86,0.0,0.0,47.21,96.08,3468365.0,3319225.0,3319225.0,3319225.0,0.0,3319225.0,0.0,3319225.0,3319225.0,0.0,3319225.0,3319225.0,3319225.0,3319225.0,3319225.0,0.0,0.0,3845023.0,21987133.0,416264.942893326,303623.488190069,,169356251.0,44799782.0,114687891.0,9868578.0,,130170.0,0.9371748695001586,9905705.014074177,61.7819289,72.3516799,10.569751000000005,0.46394157048452994,0.41936597580073287
BLZ,2020,0.6046384447417885,0.5202638818096884,0.4103197693459174,20.062382381711835,20.062382381711835,17.703982883991774,21.512563431879613,overprediction,underprediction,Belize,AMRO,non-Gavi middle income countries,503603.5707,503575.9707,498590.07,498590.07,5583.0,5816.0,5799.0,5799.0,4915.0,5799.0,,5840.0,6207.0,5641.0,0.0,0.0,0.0,5799.0,5840.0,0.0,0.0,5641.0,19245.0,75.87,79.03,78.8,78.8,66.79,78.8,,81.85,86.99,81.05,0.0,0.0,0.0,78.8,81.85,0.0,0.0,100.28,54.29,7359.0,7359.0,7359.0,7359.0,7359.0,7359.0,,7135.0,7135.0,6960.0,0.0,0.0,0.0,7359.0,7135.0,0.0,0.0,5625.0,35448.0,2080.0,2118.5140888688566,17.881,394921.0,113644.0,262298.0,18979.0,7061.582401000001,22810.0,0.979280189272635,4909.621914414456,0.49859007,0.5036035707,0.005013500699999967,0.9999451949874748,1.0
BEN,2020,11.584302263231358,10.331119606222417,8.047098934076397,23.775817344031413,23.775817344031413,271.39333088170923,271.39333088170923,overprediction,overprediction,Benin,AFRO,Gavi low-middle income countries,9359099.791709,3937369.77197822,2166732.21217304,835572.791511338,474181.0,427964.0,398977.0,398977.0,92743.0,398977.0,0.0,375762.0,0.0,0.0,432212.0,407153.0,401018.0,404205.0,375762.0,446723.0,357477.0,413812.0,0.0,126.47,123.17,114.83,114.83,98.94,114.83,0.0,108.15,0.0,0.0,124.4,117.18,115.42,116.34,108.15,128.57,102.89,83.09,0.0,374929.0,347445.0,347445.0,347445.0,93732.0,347445.0,0.0,347445.0,0.0,0.0,347445.0,347445.0,347445.0,347445.0,347445.0,347445.0,347445.0,498020.0,0.0,15651.5452088783,15672.947914474404,37.114,12643123.0,5400214.0,6852380.0,390528.0,469236.8670219999,112760.0,0.979280189272635,7043343.08460634,2.16673221217304,9.359099791709001,7.1923675795359605,0.4206996249218584,0.3856373144853617
BOL,2020,23.173159839942624,22.16098548020678,19.83261241879765,47.37945954719395,47.37945954719395,46.58595061283642,46.58595061283642,overprediction,overprediction,Bolivia,AMRO,non-Gavi middle income countries,15723466.4254703,14526788.5672938,13529681.6208394,13529681.6208394,200100.0,192415.0,166000.0,166000.0,0.0,166000.0,,180205.0,112338.0,0.0,192576.0,179756.0,166004.0,165994.0,180205.0,191711.0,179085.0,0.0,513956.0,82.4,79.23,68.36,68.36,0.0,68.36,,74.42,46.39,0.0,79.3,74.02,68.36,68.35,74.42,78.94,73.74,0.0,42.42,242849.0,242849.0,242849.0,242849.0,0.0,242849.0,,242152.0,242152.0,0.0,242849.0,242849.0,242849.0,242849.0,242152.0,242849.0,242849.0,0.0,1211607.0,36629.8438050216,37098.55170470177,22.056,11936162.0,3748198.0,7593734.0,594231.0,263263.98907199997,1083300.0,0.979280189272635,2148329.998702379,13.529681620839401,15.723466425470301,2.1937848046309005,0.9238922368773584,1.0
BOL,2021,23.92540968055148,22.960337502627056,19.791109073427947,11.588324485654656,11.588324485654656,9.603718718478287,9.603718718478287,overprediction,overprediction,Bolivia,AMRO,non-Gavi middle income countries,21440782.26,18505834.599999998,18056968.6,15565452.0,187722.0,178698.0,166747.0,166747.0,0.0,166747.0,,177717.0,133344.0,0.0,178025.0,169885.0,166298.0,166636.0,177717.0,178200.0,170105.0,582464.0,558243.0,78.47,74.7,69.7,69.7,0.0,69.7,,74.75,56.09,0.0,74.41,71.01,69.51,69.65,74.75,74.49,71.1,7.24,47.05,239235.0,239235.0,239235.0,239235.0,0.0,239235.0,,237747.0,237747.0,0.0,239235.0,239235.0,239235.0,239235.0,237747.0,239235.0,239235.0,8042774.0,1186599.0,40408.2085281599,39363.71664217891,,12079472.0,3759372.0,7726980.0,593121.0,,1083300.0,0.9371748695001586,3171225.1252233535,18.0569686,21.44078226,3.3838136599999995,0.8631137789466082,0.8620191098964418
BWA,2020,6.755433081440761,6.544831952398265,10.397122246072305,7.5290509450111776,7.5290509450111776,71.3974335523117,71.3974335523117,overprediction,overprediction,Botswana,AFRO,non-Gavi middle income countries,6282426.02540535,6282426.02540535,6066089.80693928,6066089.80693928,51635.0,55163.0,49827.0,49827.0,0.0,49827.0,0.0,45516.0,42785.0,0.0,55258.0,50600.0,49300.0,49664.0,45516.0,54043.0,46808.0,0.0,171411.0,78.49,85.28,77.03,77.03,0.0,77.03,0.0,70.37,66.15,0.0,85.43,78.23,76.22,76.78,70.37,83.55,72.37,0.0,70.8,65782.0,64682.0,64682.0,64682.0,0.0,64682.0,0.0,64682.0,64682.0,0.0,64682.0,64682.0,64682.0,64682.0,64682.0,64682.0,64682.0,0.0,242106.0,14930.0724585814,15749.037372801724,24.195,2546402.0,844664.0,1611382.0,90356.0,61610.196390000005,566730.0,0.979280189272635,211853.77296597976,6.066089806939281,6.282426025405351,0.21633621846607062,1.0,1.0
BFA,2021,34.00314217072865,37.423669708130475,26.39988574081884,10.950394735272273,10.950394735272273,13.478698525297855,13.478698525297855,overprediction,overprediction,Burkina Faso,AFRO,Gavi low income countries,30647157.4543382,7213307.0001244,23264177.4041262,7213307.0001244,964997.0,895209.0,838275.0,838275.0,0.0,838275.0,0.0,833057.0,712667.0,0.0,887107.0,752427.0,554798.0,835914.0,833057.0,838630.0,778363.0,901712.0,3343293.0,116.17,107.26,100.44,100.44,0.0,100.44,0.0,99.81,89.6,0.0,106.29,90.15,66.47,100.15,99.81,100.48,93.26,85.05,98.51,830647.0,834638.0,834638.0,834638.0,0.0,834638.0,0.0,834638.0,795426.0,0.0,834638.0,834638.0,834638.0,834638.0,834638.0,834638.0,834638.0,1060239.0,3393742.0,19737.6151143661,17399.04186269524,,22100683.0,9744403.0,11793330.0,562950.0,,273600.0,0.9371748695001586,6919143.365079705,23.264177404126205,30.6471574543382,7.382980050211999,0.23536626556220253,0.31006069438092515
BDI,2020,12.21358699827696,12.21358699827696,13.105485829695496,7.736734373912893,7.736734373912893,26.60997458035972,26.60997458035972,overprediction,overprediction,Burundi,AFRO,Gavi low income countries,11336511.2366301,2250084.5673472797,10351069.0,2169477.0000000005,415829.0,406321.0,391145.0,391145.0,0.0,391145.0,0.0,388449.0,341090.0,0.0,405909.0,397955.0,390693.0,381544.0,388449.0,406538.0,398394.0,405937.0,1716791.0,82.39,102.27,98.45,98.45,0.0,98.45,0.0,97.77,88.23,0.0,102.16,100.16,98.33,96.03,97.77,102.32,100.27,75.61,99.58,504691.0,397310.0,397310.0,397310.0,0.0,397310.0,0.0,397310.0,386572.0,0.0,397310.0,397310.0,397310.0,397310.0,397310.0,397310.0,397310.0,536905.0,1724103.0,2649.6719988619197,3425.3958006598464,35.603,12220227.0,5709324.0,6209464.0,301439.0,435076.74188100005,25680.0,0.979280189272635,965024.0600043721,10.351069,11.3365112366301,0.985442236630099,0.19848121881420566,0.2095896568750532
BDI,2021,14.997269868513412,12.971212396842214,13.972876265448999,53.0752177069552,53.0752177069552,77.95056775551807,77.95056775551807,overprediction,overprediction,Burundi,AFRO,Gavi low income countries,9797320.62,1411266.18,7852111.09,1107020.09,428315.0,415258.0,404732.0,404732.0,0.0,404732.0,0.0,402050.0,360215.0,0.0,416852.0,410339.0,406441.0,406615.0,402050.0,416323.0,409717.0,390592.0,37008.0,72.47,89.25,86.99,86.99,0.0,86.99,0.0,86.41,79.57,0.0,89.6,88.2,87.36,87.4,86.41,89.48,88.06,62.12,15.91,591005.0,465259.0,465259.0,465259.0,0.0,465259.0,0.0,465259.0,452684.0,0.0,465259.0,465259.0,465259.0,465259.0,465259.0,465259.0,465259.0,628728.0,232630.0,2779.81348902447,3486.8919314690957,,12551213.0,5810391.0,6430031.0,310791.0,,25680.0,0.9371748695001586,1823001.4874282144,7.85211109,9.797320619999999,1.9452095299999994,0.14404613615676487,0.14098375294382137
TCD,2020,20.41914032159399,19.24086007804026,8.165996440073451,49.79795137697407,49.79795137697407,7.014395880117025,7.014395880117025,overprediction,overprediction,Chad,AFRO,Gavi low income countries,13631121.2095339,3633594.24587995,7630745.72623053,3633594.24587995,688168.0,696999.0,616516.0,616516.0,0.0,616516.0,0.0,555114.0,0.0,0.0,0.0,0.0,0.0,608331.0,0.0,0.0,0.0,688628.0,0.0,85.47,93.93,83.08,83.08,0.0,83.08,0.0,74.81,0.0,0.0,0.0,0.0,0.0,81.98,0.0,0.0,0.0,74.38,0.0,805167.0,742066.0,742066.0,742066.0,0.0,742066.0,0.0,742066.0,0.0,0.0,0.0,0.0,0.0,742066.0,0.0,0.0,0.0,925808.0,0.0,10715.396135416799,11024.041303314692,43.849,16644701.0,7958952.0,8347423.0,338326.0,729853.494149,1259200.0,0.979280189272635,5876048.838996203,7.630745726230531,13.6311212095339,6.00037548330337,0.2665660579218191,0.47617813202575276
CHN,2020,502.6415472240837,645.3385579016108,451.6622009756789,22.91972583668251,29.734878456867254,22.079606666490687,28.336107817098828,underprediction,underprediction,China,WPRO,non-Gavi middle income countries,652101400.364882,652101400.364882,579645689.213229,579645689.213229,11772997.0,13343764.0,14140025.0,14230537.0,11525675.0,0.0,,15273731.0,15647357.0,0.0,0.0,0.0,0.0,13154420.0,15221223.0,0.0,0.0,0.0,0.0,99.67,99.4,99.41,99.38,95.23,0.0,,99.22,99.04,0.0,0.0,0.0,0.0,99.34,98.87,0.0,0.0,0.0,0.0,11812566.0,13424930.0,14224284.0,14319813.0,12103219.0,0.0,,15394437.0,15799472.0,0.0,0.0,0.0,0.0,13242432.0,15394437.0,0.0,0.0,0.0,0.0,14687673.892882,15556955.564626666,8.52,1411100000.0,254352475.0,978973451.0,177774074.0,12022572.0,9424700.0,0.979280189272635,70954442.53047419,579.6456892132289,652.101400364882,72.45571115165306,1.0,1.0
COM,2020,0.8464673034687616,1.1702186080708443,0.2306120685793077,35.584012386857744,55.24096378147875,1.0057442084060593,1.0159621892843824,underprediction,underprediction,Comoros,AFRO,Gavi low-middle income countries,1314064.0,173565.0,232955.0,62500.0,18228.0,19285.0,18094.0,18094.0,0.0,18094.0,0.0,18559.0,0.0,15029.0,0.0,0.0,0.0,15863.0,0.0,0.0,0.0,11702.0,15061.0,67.72,78.39,73.55,73.55,0.0,73.55,0.0,75.44,0.0,55.83,0.0,0.0,0.0,64.0,0.0,0.0,0.0,37.26,61.0,26917.0,24602.0,24602.0,24602.0,0.0,24602.0,0.0,24602.0,0.0,26917.0,0.0,0.0,0.0,0.0,0.0,0.0,0.0,31403.0,24602.0,1225.03923074083,1160.8817832759942,29.896,806166.0,310137.0,461089.0,34939.0,24101.138736,1861.0,0.979280189272635,1058708.626144349,0.23295500000000002,1.314064,1.0811089999999999,0.13208260784862838,0.2682921594299328
COM,2021,0.7124959287305276,0.8480551442760552,0.24330699762001637,47.046010499403366,88.84318432490021,26.939249144380184,26.939249144380184,underprediction,overprediction,Comoros,AFRO,Gavi low-middle income countries,1345500.0,179500.0,191672.0,42735.0,18045.0,18655.0,16713.0,16713.0,0.0,16713.0,0.0,15792.0,4304.0,18045.0,0.0,0.0,0.0,16808.0,7682.0,0.0,0.0,8917.0,13637.0,73.28,80.42,72.05,72.05,0.0,72.05,0.0,68.08,37.11,73.28,0.0,0.0,0.0,72.46,66.24,0.0,0.0,31.04,58.79,24625.0,23197.0,23197.0,23197.0,0.0,23197.0,0.0,23197.0,11598.0,24625.0,0.0,0.0,0.0,23197.0,11598.0,0.0,0.0,28729.0,23197.0,1296.08963260039,1185.4018769560341,,821625.0,314381.0,471883.0,35361.0,,1861.0,0.9371748695001586,1081338.605325629,0.19167199999999998,1.3455,1.153828,0.1334076551467856,0.22295901331441212
COG,2020,8.927863838545944,8.751270119505024,4.407752581028603,5.019367120514299,5.019367120514299,48.151159688964476,92.8683445957729,overprediction,underprediction,Congo (The),AFRO,Gavi low-middle income countries,8501159.43690732,7448842.8634447,8501159.43690732,4692745.38441047,172863.0,178302.0,169324.0,169324.0,0.0,169324.0,0.0,157828.0,64451.0,0.0,174506.0,154222.0,165392.0,168423.0,157828.0,161803.0,140203.0,178935.0,165393.0,71.65,76.83,72.96,72.96,0.0,72.96,0.0,68.01,28.54,0.0,75.2,66.46,71.27,72.58,68.01,69.72,60.41,74.17,71.27,241254.0,232067.0,232067.0,232067.0,0.0,232067.0,0.0,232067.0,225832.0,0.0,232067.0,232067.0,232067.0,232067.0,232067.0,232067.0,232067.0,241254.0,232067.0,10483.1511758451,9627.440284750195,31.155,5702174.0,2376206.0,3174994.0,150973.0,177651.23097,341500.0,0.979280189272635,0.0,8.50115943690732,8.50115943690732,0.0,0.8762149350012135,0.5520123953959941
COG,2021,8.762352071469685,9.245667407935267,4.644240923143083,0.723714070677029,0.723714070677029,54.240963976742215,54.240963976742215,overprediction,overprediction,Congo (The),AFRO,Gavi low-middle income countries,8699393.33782034,5658735.28062748,3011029.49787281,1150418.40554973,200473.0,195147.0,184567.0,184567.0,0.0,184567.0,0.0,161763.0,72781.0,0.0,189501.0,168110.0,178519.0,180403.0,161763.0,187120.0,56165.0,210600.0,169654.0,80.65,81.45,77.04,77.04,0.0,77.04,0.0,67.52,31.29,0.0,79.09,70.17,74.51,75.3,67.52,78.1,23.44,84.73,70.81,248562.0,239587.0,239587.0,239587.0,0.0,239587.0,0.0,239587.0,232607.0,0.0,239587.0,239587.0,239587.0,239587.0,239587.0,239587.0,239587.0,248562.0,239587.0,13366.2302195352,9415.636347557745,,5835806.0,2416094.0,3263441.0,156271.0,,341500.0,0.9371748695001586,5330991.639372247,3.01102949787281,8.69939333782034,5.68836383994753,0.650474701037635,0.38206812864585404
CUB,2020,39.38374030403836,39.51142093655054,15.430602444473882,0.8553625824113034,0.8553625824113034,17.5027407375066,17.5027407375066,overprediction,overprediction,Cuba,AMRO,non-Gavi middle income countries,39049723.58,38787560.0,13132121.3,12890650.0,104036.0,103916.0,103684.0,103752.0,104036.0,103634.0,,106792.0,116299.0,104514.0,0.0,0.0,0.0,106842.0,106792.0,0.0,0.0,103752.0,0.0,99.5,99.4,99.21,99.27,99.5,99.16,,97.83,98.55,100.0,0.0,0.0,0.0,97.87,97.83,0.0,0.0,99.27,0.0,104514.0,104514.0,104514.0,104514.0,104514.0,104514.0,,109165.0,118013.0,104514.0,0.0,0.0,0.0,109165.0,109165.0,0.0,0.0,104514.0,0.0,107352.0,86269.44944899472,9.344,11300698.0,1792351.0,7750885.0,1757463.0,105593.722112,106440.0,0.979280189272635,25380594.466251276,13.132121300000001,39.04972358,25.91760228,0.9932864164975992,0.98161216345146
CIV,2020,40.40589997054434,32.423405393280696,26.413307101427876,31.992937481516236,31.992937481516236,27.19171627399579,27.19171627399579,overprediction,overprediction,CÃ´te d'Ivoire,AFRO,Gavi low-middle income countries,30612168.1519533,24660085.354334,20766530.9307789,5060243.92909751,966066.0,997104.0,938637.0,938637.0,703863.0,938637.0,0.0,898164.0,0.0,912958.0,992124.0,936891.0,932700.0,872125.0,898164.0,964032.0,904684.0,912958.0,0.0,84.5,95.46,89.87,89.87,61.56,89.87,0.0,85.99,0.0,74.93,94.99,89.7,89.3,83.5,85.99,92.3,86.62,74.93,0.0,1143286.0,1044481.0,1044481.0,1044481.0,1143286.0,1044481.0,0.0,1044481.0,0.0,1218391.0,1044481.0,1044481.0,1044481.0,1044481.0,1044481.0,1044481.0,1044481.0,1218391.0,0.0,61348.5794651017,64973.79971415383,34.197,26811790.0,11290545.0,14875394.0,645851.0,916882.7826300001,318000.0,0.979280189272635,9641637.481461365,20.7665309307789,30.6121681519533,9.845637221174398,0.8055648078217058,0.24367304996510136
CIV,2021,35.49250844150755,31.469231204684288,30.297071645294995,38.18636787920306,61.77661232489753,1.6949781800139259,1.6949781800139259,underprediction,overprediction,CÃ´te d'Ivoire,AFRO,Gavi low-middle income countries,57418577.7857992,25657732.9994425,29792102.0167437,8341169.54616419,993983.0,1025337.0,963719.0,963719.0,770130.0,963719.0,0.0,938139.0,5521.0,912958.0,950710.0,895668.0,875041.0,943998.0,938139.0,895924.0,846253.0,902408.0,976439.0,85.76,96.4,90.6,90.6,66.45,90.6,0.0,88.2,0.53,74.93,89.38,84.21,82.27,88.75,88.2,84.23,79.56,72.93,75.48,1158976.0,1063668.0,1063668.0,1063668.0,1158976.0,1063668.0,0.0,1063668.0,1044481.0,1218391.0,1063668.0,1063668.0,1063668.0,1063668.0,1063668.0,1063668.0,1063668.0,1237353.0,1293636.0,70043.19147704539,69546.62974849854,,27478249.0,11485339.0,15332583.0,660326.0,,318000.0,0.9371748695001586,25890838.823613882,29.7921020167437,57.4185777857992,27.626475769055503,0.44685420623197997,0.27997922205946735
COD,2020,165.72510169723066,209.7204420258831,93.77523142974702,133.43917738356527,133.43917738356527,145.4848990307514,145.4848990307514,overprediction,overprediction,Democratic Republic of the Congo,AFRO,Gavi low income countries,70992840.0,17357000.0,38200000.0,,3955982.0,3930179.0,3710713.0,3710713.0,0.0,3710713.0,0.0,3573001.0,0.0,0.0,3923219.0,3735704.0,3665968.0,3703108.0,0.0,2888559.0,1288924.0,4316006.0,0.0,87.85,100.22,94.63,94.63,0.0,94.63,0.0,91.11,0.0,0.0,100.04,95.26,93.48,94.43,0.0,73.66,32.87,95.8,0.0,4503121.0,3921467.0,3921467.0,3921467.0,0.0,3921467.0,0.0,3921467.0,0.0,0.0,3921467.0,3921467.0,3921467.0,3921467.0,0.0,3921467.0,3921467.0,4503121.0,0.0,48716.9608600664,48171.67751225194,42.311,92853164.0,43171085.0,46895823.0,2786255.0,3928710.222004,2267050.0,0.979280189272635,32113378.561987236,38.199999999999996,70.99284,32.79284,0.24448944428762115,
DMA,2020,0.46261669073064043,0.45834247170655146,0.07288823597147458,303.3375639504909,303.3375639504909,5.974149724022293,5.974149724022293,overprediction,overprediction,Dominica,AMRO,non-Gavi middle income countries,114697.15,106697.15,68779.26,68779.26,772.0,790.0,760.0,760.0,782.0,760.0,,717.0,684.0,505.0,0.0,0.0,0.0,760.0,717.0,0.0,0.0,505.0,0.0,97.72,100.0,96.32,96.69,98.99,96.69,,91.69,90.24,78.42,0.0,0.0,0.0,96.32,91.69,0.0,0.0,78.42,0.0,790.0,790.0,789.0,786.0,790.0,786.0,,782.0,758.0,644.0,0.0,0.0,0.0,789.0,782.0,0.0,0.0,644.0,0.0,504.214814814815,503.16142466560115,,71995.0,14489.0,50902.0,6604.0,,750.0,0.979280189272635,44966.48001020003,0.06877926000000001,0.11469714999999998,0.045917889999999996,0.9302511003978738,1.0
DMA,2021,0.7144653580827056,0.4789348466886127,0.07616295297798958,137.53541322134876,137.53541322134876,3.5700452036002464,3.70221598790331,overprediction,underprediction,Dominica,AMRO,non-Gavi middle income countries,300782.67,181982.67,78982.67,78982.67,707.0,753.0,728.0,728.0,778.0,728.0,,691.0,693.0,0.0,0.0,0.0,0.0,728.0,691.0,0.0,0.0,0.0,0.0,89.49,95.32,92.15,92.15,98.48,92.15,,87.91,87.39,0.0,0.0,0.0,0.0,92.15,87.91,0.0,0.0,0.0,0.0,790.0,790.0,790.0,790.0,790.0,790.0,,786.0,793.0,0.0,0.0,0.0,0.0,790.0,786.0,0.0,0.0,0.0,0.0,554.181481481481,536.7822973029483,,72412.0,14383.0,51282.0,6747.0,,750.0,0.9371748695001586,207865.38605513514,0.07898267,0.3007826699999999,0.22179999999999994,0.6050304360952712,1.0
DOM,2020,16.478405365772122,15.122587471244735,15.847256699963676,26.517521960548642,26.517521960548642,38.87906927784833,38.87906927784833,overprediction,overprediction,Dominican Republic,AMRO,non-Gavi middle income countries,13024603.3200923,12992554.0976897,11410831.583454,11410831.583454,188295.0,179942.0,155484.0,154347.0,135558.0,152397.0,,156096.0,104242.0,129823.0,168867.0,154349.0,131537.0,151639.0,156096.0,168129.0,146047.0,129823.0,0.0,99.18,94.78,81.9,81.3,71.41,80.28,,82.25,54.92,68.38,88.95,81.3,69.31,79.88,82.25,88.56,76.93,68.38,0.0,189843.0,189843.0,189843.0,189843.0,189843.0,189843.0,,189790.0,189790.0,189843.0,189843.0,189843.0,189790.0,189843.0,189790.0,189843.0,189843.0,189843.0,0.0,78844.7023290785,88645.68348042997,18.78,10999664.0,3038478.0,7195061.0,766125.0,206573.68992,48310.0,0.979280189272635,1580334.691697983,11.410831583453998,13.0246033200923,1.6137717366382995,0.9975393321688991,1.0
DOM,2021,18.87632338116027,16.542310418143263,17.188733469720027,71.77889856981672,71.77889856981672,56.42144095632461,56.42144095632461,overprediction,overprediction,Dominican Republic,AMRO,non-Gavi middle income countries,10988732.3404209,10970330.1315627,10988732.3404209,10970330.1315627,194727.0,185924.0,158106.0,156878.0,123965.0,155407.0,,165884.0,112827.0,135408.0,176708.0,160603.0,142871.0,156269.0,165884.0,176926.0,151503.0,135408.0,0.0,103.43,98.75,83.98,83.32,65.84,82.54,,87.91,59.79,71.92,93.86,85.3,75.71,83.0,87.91,93.97,80.47,71.92,0.0,188276.0,188276.0,188276.0,188276.0,188276.0,188276.0,,188705.0,188705.0,188276.0,188276.0,188276.0,188705.0,188276.0,188705.0,188276.0,188276.0,188276.0,0.0,94243.4539374462,99524.27309347475,,11117873.0,3041808.0,7279123.0,796942.0,,48310.0,0.9371748695001586,0.0,10.988732340420901,10.988732340420901,0.0,0.998325356529933,0.998325356529933
ECU,2020,57.8721468766791,51.160398878740864,66.2023085336034,45.0997869042817,45.0997869042817,65.9878932121106,65.9878932121106,overprediction,overprediction,Ecuador,AMRO,non-Gavi middle income countries,39884377.58,39883817.58,39883817.58,39883817.58,266961.0,246141.0,233371.0,233371.0,204979.0,233371.0,,266550.0,232883.0,0.0,265924.0,256408.0,251977.0,239889.0,266550.0,253192.0,248973.0,0.0,275373.0,80.62,74.33,70.48,70.48,61.9,70.48,,80.52,70.35,0.0,80.31,77.43,76.09,72.44,80.52,76.46,75.19,0.0,83.16,331139.0,331139.0,331139.0,331139.0,331139.0,331139.0,,331025.0,331025.0,0.0,331139.0,331139.0,331139.0,331139.0,331025.0,331139.0,331139.0,0.0,331139.0,99291.124,99815.82924072817,17.037,17588595.0,4659213.0,11602470.0,1326911.0,299656.893015,248360.0,0.979280189272635,548.3969059884548,39.88381758,39.88437758,0.0005599999999956899,0.9999859594148393,1.0
ECU,2021,59.156910261168655,54.420800566271936,79.31626493191354,21.834798036479373,21.834798036479373,70.35511656938625,70.35511656938625,overprediction,overprediction,Ecuador,AMRO,non-Gavi middle income countries,48555019.760000005,47947473.0,46559367.59,46559367.0,248812.0,256463.0,238564.0,224702.0,202679.0,224702.0,,215874.0,192835.0,0.0,238605.0,228686.0,205659.0,205161.0,215874.0,214668.0,199909.0,0.0,0.0,75.27,77.58,72.17,67.97,61.31,67.97,,65.35,58.37,0.0,72.18,69.18,62.21,62.06,65.35,64.94,60.47,0.0,0.0,330580.0,330580.0,330580.0,330580.0,330580.0,330580.0,,330345.0,330345.0,0.0,330580.0,330580.0,330580.0,330580.0,330345.0,330580.0,330580.0,0.0,330580.0,106165.866,104043.28038808497,,17797737.0,4644790.0,11792831.0,1360116.0,,248360.0,0.9371748695001586,1870275.0619874597,46.55936759,48.55501976000001,1.9956521700000016,0.9874874572597641,0.9999999873280067
SLV,2020,20.039956424384346,13.604424603217407,14.579996955199565,28.198784364310452,28.198784364310452,5.267529894284059,5.5604270514701035,overprediction,underprediction,El Salvador,AMRO,non-Gavi middle income countries,15631939.51,15308266.15,15390707.05,15091338.69,85846.0,86253.0,78336.0,78336.0,81705.0,78336.0,,77844.0,60978.0,0.0,87082.0,83439.0,85662.0,75281.0,77844.0,86578.0,81520.0,61808.0,0.0,78.56,78.93,71.69,71.69,74.77,71.69,,70.97,55.59,0.0,79.69,76.36,78.09,68.89,70.97,79.23,74.6,47.14,0.0,109274.0,109274.0,109274.0,109274.0,109274.0,109274.0,,109690.0,109690.0,0.0,109274.0,109274.0,109690.0,109274.0,109690.0,109274.0,109274.0,131113.0,109274.0,24563.02,25194.724185934818,16.188,6292731.0,1641395.0,4141387.0,509949.0,101866.72942799999,20720.0,0.979280189272635,236234.1690875031,15.39070705,15.631939509999999,0.24123245999999973,0.9792941010427438,0.9805487584795527
SWZ,2020,2.4975433091774004,3.4136987017340563,6.431777808152169,38.71409772002308,63.16966264633357,57.82601438321628,57.82601438321628,underprediction,overprediction,Eswatini,AFRO,non-Gavi middle income countries,4075232.99203084,3406017.5232455,4075232.99203084,3406017.5177811,30050.0,26915.0,25828.0,0.0,0.0,0.0,0.0,23659.0,21870.0,0.0,26872.0,26369.0,25763.0,25426.0,23659.0,22749.0,19542.0,0.0,0.0,96.8,86.7,83.2,0.0,0.0,0.0,0.0,76.21,70.45,0.0,86.56,84.94,82.99,81.9,76.21,73.28,62.95,0.0,0.0,31044.0,31044.0,31044.0,0.0,0.0,0.0,0.0,31044.0,31044.0,0.0,31044.0,31044.0,31044.0,31044.0,31044.0,31044.0,31044.0,0.0,0.0,3982.22605538454,4615.119851688631,24.615,1180655.0,418421.0,715626.0,46609.0,29061.822825,17200.0,0.979280189272635,0.0,4.07523299203084,4.07523299203084,0.0,0.8357847342485699,0.8357847329076895
SWZ,2021,4.896831479469652,3.8677334537513985,5.859350811082648,7.8543657008954115,7.8543657008954115,29.054178768020357,29.054178768020357,overprediction,overprediction,Eswatini,AFRO,non-Gavi middle income countries,4540225.56031684,3794651.21335797,4540225.56031684,3794651.20727007,0.0,25794.0,23301.0,23301.0,0.0,23301.0,0.0,24259.0,20808.0,12814.0,22519.0,20096.0,18908.0,18305.0,24259.0,26497.0,25509.0,24330.0,18360.0,0.0,85.5,77.23,77.2,0.0,77.23,0.0,80.41,68.97,40.9,74.64,66.61,62.67,60.67,80.41,87.83,84.55,80.64,60.86,0.0,30170.0,30170.0,30170.0,0.0,30170.0,0.0,30170.0,30170.0,31330.0,30170.0,30170.0,30170.0,30170.0,30170.0,30170.0,30170.0,30170.0,30170.0,4743.33515294181,4978.943890397069,,1192271.0,417641.0,727016.0,47614.0,,17200.0,0.9371748695001586,0.0,4.5402255603168395,4.5402255603168395,0.0,0.8357847342485689,0.8357847329076884
ETH,2020,99.69078264647032,96.2269990300772,73.48668338247576,7.14625302508968,7.14625302508968,11.390585314044692,11.390585314044692,overprediction,overprediction,Ethiopia,AFRO,Gavi low income countries,93041781.52,27069703.91,65972077.6,2249903.66,3107774.0,3310159.0,3133392.0,3133392.0,0.0,3133392.0,0.0,2966925.0,2258125.0,3066256.0,3297752.0,0.0,3113695.0,3100436.0,0.0,3269825.0,3088347.0,3066256.0,10003536.0,90.76,104.21,98.64,98.64,0.0,98.64,0.0,93.4,71.09,89.55,103.82,0.0,98.02,97.61,0.0,102.94,97.23,89.55,72.15,3424049.0,3176443.0,3176443.0,3176443.0,0.0,3176443.0,0.0,3176443.0,3176443.0,3424049.0,3176443.0,0.0,3176443.0,3176443.0,0.0,3176443.0,3176443.0,3424049.0,13864813.0,107657.734392446,101188.62246560169,32.78,117190911.0,47243396.0,66279326.0,3668189.0,3841518.0625800006,1000000.0,0.979280189272635,26508824.778331786,65.97207759999999,93.04178151999999,27.069703919999995,0.29094137566767436,0.03410387760775932
ETH,2021,112.64189365508552,100.5502781712135,78.09016907953009,15.322847435321634,15.322847435321634,15.36520977987311,15.36520977987311,overprediction,overprediction,Ethiopia,AFRO,Gavi low income countries,97675262.24,28450258.81,67689530.69,10810458.65,3106958.0,3183178.0,3015381.0,3015381.0,0.0,3015381.0,0.0,2843644.0,2293395.0,2974033.0,3171816.0,0.0,2999615.0,3004264.0,0.0,3138304.0,2977494.0,1967613.0,10523029.0,88.59,97.94,92.78,92.78,0.0,92.78,0.0,87.49,70.56,84.8,97.59,0.0,92.29,92.43,0.0,96.56,91.61,56.1,75.02,3507223.0,3250139.0,3250139.0,3250139.0,0.0,3250139.0,0.0,3250139.0,3250139.0,3507223.0,3250139.0,0.0,3250139.0,3250139.0,0.0,3250139.0,3250139.0,3507223.0,14027858.0,111271.112329975,106892.93172380325,,120283026.0,48066303.0,68441736.0,3774987.0,,1000000.0,0.9371748695001586,28101874.05223804,67.68953069,97.67526224,29.98573155,0.29127394344838564,0.1597065091130417
GAB,2020,1.5306263620125091,2.3152907705978523,1.1074924660260654,14.753696303608852,14.753696303608852,13.615902269370538,13.615902269370538,overprediction,overprediction,Gabon,AFRO,non-Gavi middle income countries,1333836.21732137,1191938.86512742,974768.887017528,974768.887017528,51906.0,50063.0,45774.0,45774.0,0.0,45774.0,0.0,38325.0,0.0,0.0,0.0,0.0,0.0,45099.0,0.0,0.0,0.0,34469.0,0.0,67.08,68.83,62.94,62.94,0.0,62.94,0.0,52.69,0.0,0.0,0.0,0.0,0.0,62.01,0.0,0.0,0.0,43.31,0.0,77374.0,72732.0,72732.0,72732.0,0.0,72732.0,0.0,72732.0,0.0,0.0,0.0,0.0,0.0,72732.0,0.0,0.0,0.0,79585.0,0.0,15314.5771678211,16152.53782530906,27.695,2292573.0,837417.0,1365646.0,89511.0,63492.809235,257670.0,0.979280189272635,351627.52318156615,0.974768887017528,1.33383621732137,0.35906733030384197,0.8936171095436962,1.0
GAB,2021,1.7852117924821762,3.0432231419067937,1.2000445650617342,16.06237073932992,16.06237073932992,25.96516276078554,25.96516276078554,overprediction,overprediction,Gabon,AFRO,non-Gavi middle income countries,1538148.65327167,952679.724108071,952679.724108071,952679.724108071,54505.0,56576.0,55973.0,55973.0,0.0,55973.0,0.0,48090.0,0.0,0.0,0.0,0.0,0.0,51415.0,0.0,0.0,0.0,38307.0,0.0,68.4,75.53,74.73,74.73,0.0,74.73,0.0,64.2,0.0,0.0,0.0,0.0,0.0,68.64,0.0,0.0,0.0,46.74,0.0,79683.0,74902.0,74902.0,74902.0,0.0,74902.0,0.0,74902.0,0.0,0.0,0.0,0.0,0.0,74902.0,0.0,0.0,0.0,81959.0,317593.0,20216.8431739702,16388.734206967674,,2341179.0,852733.0,1397191.0,91255.0,,257670.0,0.9371748695001586,548686.7672852936,0.952679724108071,1.5381486532716702,0.585468929163599,0.6193677848247657,1.0
GEO,2020,6.162395937388823,6.495922953864908,5.836677970578262,21.10355223620886,26.7484187620094,3.571165439811873,3.703420720679615,underprediction,underprediction,Georgia,EURO,non-Gavi middle income countries,7810739.40849464,7761527.70704563,6052834.71194,6049553.9318434,44371.0,42374.0,39185.0,39185.0,44523.0,39185.0,0.0,40844.0,42810.0,0.0,42161.0,38819.0,37028.0,39185.0,40844.0,36553.0,33512.0,0.0,0.0,96.18,95.23,88.06,88.06,96.51,88.06,0.0,90.91,77.36,0.0,94.75,87.24,82.41,88.06,90.91,82.15,75.31,0.0,0.0,46132.0,44496.0,44496.0,44496.0,46132.0,44496.0,0.0,44929.0,55339.0,0.0,44496.0,44496.0,44929.0,44496.0,44929.0,44496.0,44496.0,0.0,0.0,15842.9225327202,17622.679215638134,12.966,3722716.0,778310.0,2404553.0,539853.0,48268.735656,69490.0,0.979280189272635,1721481.243965282,6.05283471194,7.81073940849464,1.75790469655464,0.9936994823568829,0.9994579762619111
GHA,2020,56.158845510229774,46.6733830080466,32.400920181559016,107.32678133405531,107.32678133405531,74.64394592234922,74.64394592234922,overprediction,overprediction,Ghana,AFRO,Gavi low-middle income countries,27087115.88,17968364.36,18552558.47,12119558.47,1152129.0,1161673.0,1170924.0,1170924.0,0.0,1170924.0,0.0,0.0,981961.0,0.0,1158064.0,1133579.0,1172032.0,1144578.0,1109745.0,1132168.0,1102601.0,765647.0,1022660.0,92.97,96.14,96.91,96.91,0.0,96.91,0.0,0.0,81.27,0.0,95.84,93.81,97.0,94.72,91.84,93.7,91.25,61.78,84.64,1239209.0,1208317.0,1208317.0,1208317.0,0.0,1208317.0,0.0,0.0,1208317.0,0.0,1208317.0,1208317.0,1208317.0,1208317.0,1208317.0,1208317.0,1208317.0,1239299.0,1208317.0,70043.19981368851,66826.39238709724,28.038,32180401.0,12093914.0,18990581.0,1095906.0,902274.083238,227540.0,0.979280189272635,8357722.99582297,18.552558469999997,27.08711588,8.53455741,0.6633546531717353,0.6532553711984072
GHA,2021,39.87929121256692,44.12168771596004,30.724728559819777,46.79702246913586,46.79702246913586,29.95353086223934,29.95353086223934,overprediction,overprediction,Ghana,AFRO,Gavi low-middle income countries,27166280.72,12288531.77,23642857.840000004,11557051.84,1227707.0,1225734.0,1250857.0,1249235.0,0.0,1249235.0,0.0,1160450.0,1027726.0,0.0,1214773.0,1204920.0,1243265.0,1248980.0,1160450.0,1216093.0,1185843.0,770122.0,1112801.0,99.55,101.94,104.03,103.89,0.0,103.89,0.0,96.51,85.47,0.0,101.02,100.21,103.39,103.87,96.51,101.13,98.62,62.44,92.54,1233281.0,1202449.0,1202449.0,1202449.0,0.0,1202449.0,0.0,1202449.0,1202449.0,0.0,1202449.0,1202449.0,1202449.0,1202449.0,1202449.0,1202449.0,1202449.0,1233281.0,1202449.0,77594.2790548795,70405.93332467171,,32833031.0,12231906.0,19459598.0,1141527.0,,227540.0,0.9371748695001586,3302063.3777578697,23.642857840000005,27.16628072,3.5234228799999965,0.4523450190571395,0.4888178881847051
GRD,2020,0.22932799638069828,0.18429833325633335,0.09328537290206788,26.10039008601043,35.3187115823591,69.9393324105975,232.66060942456818,underprediction,underprediction,Grenada,AMRO,non-Gavi middle income countries,310323.69,310323.69,310323.69,310323.69,0.0,1264.0,1162.0,1162.0,1385.0,0.0,,1263.0,1199.0,0.0,0.0,0.0,0.0,0.0,1263.0,0.0,0.0,0.0,0.0,0.0,78.7,72.35,72.35,92.0,0.0,,82.82,78.62,0.0,0.0,0.0,0.0,0.0,82.82,0.0,0.0,0.0,0.0,0.0,1606.0,1606.0,1606.0,1525.0,0.0,,1525.0,1525.0,0.0,0.0,0.0,0.0,0.0,1525.0,0.0,0.0,0.0,0.0,1043.4148148148101,1041.7951094493956,16.288,123663.0,29844.0,81841.0,11977.0,2014.222944,340.0,0.979280189272635,0.0,0.31032369000000004,0.31032369000000004,0.0,1.0,1.0
GTM,2020,42.163165666798754,42.85150344234228,38.58674169674111,91.34169702051824,91.34169702051824,81.81718073774749,81.81718073774749,overprediction,overprediction,Guatemala,AMRO,non-Gavi middle income countries,22035534.5036359,22035534.5036359,21222824.7848582,21222824.7848582,313578.0,337861.0,305488.0,305488.0,0.0,305488.0,,323963.0,288877.0,0.0,329820.0,314397.0,314397.0,302509.0,323963.0,335676.0,312829.0,295606.0,279008.0,85.57,92.2,83.36,83.0,0.0,83.0,,88.41,78.83,0.0,90.0,85.8,86.0,82.55,88.41,91.6,85.37,75.76,76.14,366448.0,366448.0,366448.0,366448.0,0.0,366448.0,,366448.0,366448.0,0.0,366448.0,366448.0,366448.0,366448.0,366448.0,366448.0,366448.0,390209.0,366448.0,77625.4869782561,74009.42455248549,21.816,16858333.0,5643923.0,10396683.0,817727.0,367781.39272799995,107160.0,0.979280189272635,795870.527228333,21.2228247848582,22.035534503635894,0.8127097187776969,1.0,1.0
GIN,2020,9.20814812713877,10.046662919350988,3.282509541582441,386.65009085707067,386.65009085707067,73.48043760745446,73.48043760745446,overprediction,overprediction,Guinea,AFRO,Gavi low income countries,1892149.678,1892149.678,1892149.678,355846.41610526294,459068.0,434945.0,407053.0,407053.0,0.0,407053.0,0.0,406096.0,0.0,342147.0,0.0,0.0,0.0,393028.0,0.0,0.0,0.0,501537.0,201726.0,91.38,96.2,90.03,90.03,0.0,90.03,0.0,89.82,0.0,68.1,0.0,0.0,0.0,86.93,0.0,0.0,0.0,88.74,44.62,502385.0,452146.0,452146.0,452146.0,0.0,452146.0,0.0,452146.0,0.0,502385.0,0.0,0.0,0.0,452146.0,0.0,0.0,0.0,565183.0,452146.0,14177.8358162777,13484.587375936928,34.944,13205153.0,5560605.0,7197314.0,447234.0,461440.866432,245720.0,0.979280189272635,0.0,1.8921496780000002,1.8921496780000002,0.0,1.0,0.18806462313351036
GUY,2021,1.9988863825078143,1.8824627423795397,1.6325335719299545,80.72615706827668,80.72615706827668,112.53229342975291,112.53229342975291,overprediction,overprediction,Guyana,AMRO,non-Gavi middle income countries,1106030.48,1106030.48,768134.36,768134.36,13156.0,14448.0,14451.0,14451.0,8466.0,14451.0,,14492.0,12751.0,0.0,14719.0,15264.0,14838.0,14176.0,14492.0,13883.0,13683.0,13707.0,0.0,89.61,98.41,98.43,98.43,57.67,98.43,,94.82,83.43,0.0,100.26,103.97,101.07,96.56,94.82,94.57,93.21,99.28,0.0,14681.0,14681.0,14681.0,14681.0,14681.0,14681.0,,15283.0,15283.0,0.0,14681.0,14681.0,14681.0,14681.0,15283.0,14680.0,14680.0,13806.0,0.0,8044.498800959231,9297.487737780273,,804567.0,231014.0,523956.0,49598.0,,196850.0,0.9371748695001586,316667.75216560985,0.76813436,1.10603048,0.3378961199999999,1.0,1.0
HTI,2020,8.396764546492008,7.428403838759507,4.275212237027443,144.1148812392429,144.1148812392429,321.4340305652596,321.4340305652596,overprediction,overprediction,Haiti,AMRO,Gavi low-middle income countries,3439677.46,2710084.02,1014444.0,1014444.0,226598.0,265340.0,218421.0,218421.0,0.0,218421.0,,219677.0,118140.0,0.0,264240.0,230504.0,201064.0,172609.0,219677.0,253194.0,219227.0,143303.0,0.0,85.75,100.48,82.71,82.71,0.0,82.71,,83.18,45.46,0.0,100.06,87.28,76.14,65.36,83.18,95.88,83.01,43.58,0.0,264258.0,264084.0,264084.0,264084.0,0.0,264084.0,,264084.0,259894.0,0.0,264084.0,264084.0,264084.0,264084.0,264084.0,264084.0,264084.0,328804.0,0.0,14508.2180174032,15919.10271467463,23.936,11306801.0,3690862.0,7114696.0,501243.0,270639.588736,27560.0,0.979280189272635,2374983.0817391276,1.014444,3.4396774600000004,2.4252334600000003,0.787888995847884,1.0
HND,2021,21.33507375537074,19.095528514420558,17.438973051349855,77.1210010625312,337.08206059763654,32.26314300065435,47.63011516900766,underprediction,underprediction,Honduras,AMRO,non-Gavi middle income countries,93251780.0,46229014.0,25745176.0,25745176.0,162250.0,163387.0,153508.0,153508.0,143838.0,153508.0,,159035.0,147138.0,0.0,163436.0,158870.0,153498.0,153206.0,155746.0,163316.0,159035.0,54023.0,140497.0,81.67,82.24,77.27,77.27,72.4,77.27,,80.65,74.62,0.0,82.27,79.97,77.26,77.12,78.98,82.2,80.05,77.04,70.72,198670.0,198670.0,198670.0,198670.0,198670.0,198670.0,,197194.0,197194.0,0.0,198670.0,198670.0,198670.0,198670.0,197194.0,198670.0,198670.0,70119.0,198670.0,28488.6683016401,26561.77707678786,,10278345.0,3142445.0,6704427.0,431473.0,,111890.0,0.9371748695001586,63265492.794098884,25.745176,93.25178,67.506604,0.4957440383443619,1.0
IND,2020,438.90509627992196,426.6576171726725,294.3254587641766,43.927942545744855,43.927942545744855,44.52588097813755,44.52588097813755,overprediction,overprediction,India,SEARO,non-Gavi middle income countries,304947801.321084,304947801.321084,203648963.612752,203648963.612752,22477254.0,22998071.0,22509721.0,22509721.0,14388678.0,22509721.0,9676825.0,23394676.0,21358375.0,0.0,7669272.0,6107253.0,5518382.0,22385038.0,22897274.0,22304130.0,21572835.0,23496259.0,19596375.0,85.1,87.07,85.22,85.22,72.51,85.22,85.36,88.57,80.86,0.0,72.4,68.84,67.34,84.75,86.69,84.44,81.67,78.26,74.19,26413306.0,26413306.0,26413306.0,26413306.0,19843742.0,26413306.0,11336873.0,26413306.0,26413306.0,0.0,10592846.0,8872228.0,8194926.0,26413306.0,26413306.0,26413306.0,26413306.0,30025010.0,26413306.0,2667687.9517965,2669994.523208136,16.572,1396387127.0,364629264.0,938586445.0,93171419.0,23140927.468644,2973190.0,0.979280189272635,99199944.96411332,203.64896361275197,304.947801321084,101.29883770833203,1.0,1.0
IND,2021,456.5673125807291,490.5473643831921,327.7596965815517,28.253205375279617,28.253205375279617,10.20444619859088,10.20444619859088,overprediction,overprediction,India,SEARO,non-Gavi middle income countries,355989007.249195,355989007.249195,297410592.664221,282529240.229239,22076212.0,22869086.0,22277287.0,22277287.0,14360058.0,22277287.0,9912169.0,23238129.0,21515495.0,0.0,11028317.0,8717205.0,6616922.0,22103939.0,22863166.0,22373821.0,21697188.0,23962265.0,19942669.0,84.48,87.52,85.25,85.25,73.25,85.25,81.69,88.93,82.34,0.0,61.08,54.79,69.39,84.59,87.49,85.62,83.03,81.21,74.08,26131090.0,26131090.0,26131090.0,26131090.0,19605017.0,26131090.0,12134539.0,26131090.0,26131090.0,0.0,18056095.0,15908838.0,9535964.0,26131090.0,26131090.0,26131090.0,26131090.0,29506840.0,26920368.0,3176295.06549724,2901782.854868494,,1407563842.0,361569242.0,950245567.0,95749032.0,,2973190.0,0.9371748695001586,54898218.04419923,297.410592664221,355.989007249195,58.578414584974034,1.0,0.9499636098981076
IDN,2020,107.57274926972703,222.7309159842049,78.39005268168607,40.03379292478194,40.03379292478194,26.975675918274906,26.975675918274906,overprediction,overprediction,Indonesia,SEARO,non-Gavi middle income countries,76819135.5978688,61677132.6592659,61736275.1682772,61309411.3466513,4230938.0,4183248.0,4044736.0,4044736.0,3893315.0,4044736.0,38906.0,4007742.0,3027930.0,0.0,12039.0,10958.0,4465.0,4106308.0,4007742.0,0.0,0.0,2806821.0,0.0,89.35,89.96,86.98,86.98,82.22,86.98,61.21,86.19,64.71,0.0,9.58,8.72,3.53,88.31,86.19,0.0,0.0,53.75,0.0,4735405.0,4650109.0,4650109.0,4650109.0,4735405.0,4650109.0,63566.0,4650109.0,4679426.0,0.0,125694.0,125694.0,126333.0,4650109.0,4650109.0,0.0,0.0,5221784.0,0.0,1058688.93545478,1093780.3773264152,16.649,271857970.0,69918977.0,183698630.0,18240362.0,4526163.34253,1877519.0,0.979280189272635,14770346.4162632,61.736275168277196,76.8191355978688,15.0828604295916,0.8028876162071396,0.9930856887549114
JAM,2021,2.9503780141884457,3.150158103421849,1.1620372475550371,108.3457981731958,108.3457981731958,1.5154842439837333,1.53880458501534,overprediction,underprediction,Jamaica,AMRO,non-Gavi middle income countries,1416096.72,1416096.72,1179918.73,1179918.73,31995.0,30586.0,29560.0,29466.0,0.0,29519.0,,29754.0,28927.0,0.0,1395.0,1083.0,734.0,29486.0,29748.0,0.0,0.0,11418.0,0.0,97.18,92.9,89.78,89.49,0.0,89.66,,87.83,85.39,0.0,84.75,65.8,44.59,89.56,87.82,0.0,0.0,0.0,0.0,32925.0,32925.0,32925.0,32925.0,0.0,32925.0,,33875.0,33875.0,0.0,1646.0,1646.0,1646.0,32925.0,33875.0,0.0,0.0,0.0,0.0,14657.5869370735,14963.531634485964,,2827695.0,574011.0,2049070.0,204614.0,,10830.0,0.9371748695001586,221340.0769570598,1.17991873,1.41609672,0.23617799000000003,1.0,1.0
KAZ,2020,80.40291039233665,157.0643152867083,80.48599433807284,17.14902582381806,17.14902582381806,17.27008118434046,17.27008118434046,overprediction,overprediction,Kazakhstan,EURO,non-Gavi middle income countries,68633016.6443344,68633016.6443344,68633016.6443344,68633016.6443344,395892.0,317526.0,297198.0,297198.0,395229.0,297198.0,0.0,311353.0,299923.0,0.0,315364.0,293533.0,297064.0,297198.0,311353.0,0.0,0.0,0.0,0.0,92.77,94.28,88.25,88.25,92.61,88.25,0.0,92.93,90.7,0.0,93.64,87.16,88.66,88.25,92.93,0.0,0.0,0.0,0.0,426757.0,336773.0,336773.0,336773.0,426757.0,336773.0,0.0,335053.0,330666.0,0.0,336773.0,336773.0,335053.0,336773.0,335053.0,0.0,0.0,0.0,0.0,171082.379532988,219072.17845018857,22.76,18755666.0,5484992.0,11799469.0,1471205.0,426878.95816000004,2699700.0,0.979280189272635,0.0,68.63301664433439,68.63301664433439,0.0,1.0,1.0
KEN,2020,50.32742736596488,53.797783319296826,39.17836929805125,12.611542962089784,12.611542962089784,12.335343801503445,14.071057067255108,overprediction,underprediction,Kenya,AFRO,Gavi low-middle income countries,44691180.0,14697669.0,44691180.0,14697669.0,1332026.0,1321208.0,1264603.0,1264603.0,0.0,1264603.0,0.0,1243443.0,0.0,0.0,1327235.0,1282262.0,1271564.0,1251932.0,0.0,1316422.0,1259221.0,0.0,1614102.0,88.39,88.4,84.61,84.61,0.0,84.61,0.0,83.19,0.0,0.0,88.8,85.79,85.07,83.76,0.0,88.08,84.25,0.0,107.99,1507005.0,1494648.0,1494648.0,1494648.0,0.0,1494648.0,0.0,1494648.0,0.0,0.0,1494648.0,1494648.0,1494648.0,1494648.0,0.0,1494648.0,1494648.0,1507005.0,1494648.0,100666.54266572,89462.12302082885,27.998,51985780.0,20260426.0,30268153.0,1457202.0,1455497.86844,569140.0,0.979280189272635,0.0,44.69118,44.69118,0.0,0.3288718042351981,0.3288718042351981
LAO,2021,19.66669964354618,21.112630675652113,5.722018757943911,115.66184473410783,115.66184473410783,208.0716863528196,208.0716863528196,overprediction,overprediction,Lao People's Democratic Republic (the),WPRO,Gavi low-middle income countries,9119230.0,5413423.999999999,1857366.0,693616.0,128496.0,141717.0,131167.0,131167.0,114047.0,131167.0,,119896.0,84922.0,0.0,140901.0,133117.0,129458.0,130744.0,119896.0,0.0,0.0,0.0,427282.0,81.38,93.67,86.7,86.7,72.23,86.7,,79.25,55.63,0.0,93.13,87.99,85.57,86.42,79.25,0.0,0.0,0.0,56.13,157894.0,151295.0,151295.0,151295.0,157894.0,151295.0,,151295.0,152667.0,0.0,151295.0,151295.0,151295.0,151295.0,151295.0,0.0,0.0,0.0,761258.0,18827.148509579798,20280.722827281978,,7425057.0,2303010.0,4798524.0,323523.0,,230800.0,0.9371748695001586,6805636.4465279,1.8573659999999999,9.11923,7.261864,0.5936273128323334,0.37344066812895255
LBN,2021,24.496788230995143,20.318229377139406,17.764079614996444,16.651372528548293,16.651372528548293,15.409144690493138,18.21608805598796,overprediction,underprediction,Lebanon,EMRO,non-Gavi middle income countries,21000000.0,12000000.0,21000000.0,6000000.0,0.0,105487.0,92785.0,92785.0,118189.0,92785.0,0.0,94237.0,90849.0,0.0,99438.0,95083.0,91091.0,93390.0,94237.0,0.0,0.0,0.0,0.0,0.0,87.2,76.7,76.7,97.7,76.7,0.0,77.9,75.1,0.0,82.2,78.6,75.3,77.2,77.9,0.0,0.0,0.0,0.0,0.0,120972.0,120972.0,120972.0,120972.0,120972.0,0.0,120972.0,120972.0,0.0,120972.0,120972.0,120972.0,120972.0,120972.0,0.0,0.0,0.0,0.0,23131.9402807316,36283.6054922444,,5592631.0,1544594.0,3509908.0,538129.0,,10230.0,0.9371748695001586,0.0,21.0,21.0,0.0,0.5714285714285715,0.28571428571428575
MDG,2020,22.780326222364028,22.31523913833378,19.791802193309714,27.224087144303066,27.224087144303066,13.27777306363424,13.27777306363424,overprediction,overprediction,Madagascar,AFRO,Gavi low income countries,17905670.8,1158111.39,17471920.27,1158111.39,870759.0,909062.0,844282.0,0.0,0.0,0.0,0.0,792283.0,214125.0,0.0,907430.0,851660.0,841665.0,842207.0,0.0,898238.0,840868.0,638271.0,0.0,90.35,99.99,92.87,0.0,0.0,0.0,0.0,87.15,23.55,0.0,99.81,93.68,92.58,92.64,0.0,98.8,92.49,51.95,0.0,963725.0,909123.0,909123.0,0.0,0.0,0.0,0.0,909123.0,909123.0,0.0,909123.0,909123.0,909123.0,909123.0,0.0,909123.0,909123.0,1228545.0,0.0,13051.4410593338,13033.004436911817,31.343,28225177.0,11210943.0,16097988.0,916246.0,884661.7227110001,581540.0,0.979280189272635,424763.3011155054,17.471920270000002,17.9056708,0.43375052999999963,0.06467846990686324,0.06628415034542735
MDG,2021,21.30685994476709,22.832361708825815,22.578216243756717,6.487482294147981,6.937554942702601,24.533171136030088,24.533171136030088,underprediction,overprediction,Madagascar,AFRO,Gavi low income countries,22785035.06,4599569.29,18130282.91,4565282.28,670102.0,824414.0,770674.0,0.0,0.0,0.0,0.0,714769.0,431718.0,0.0,828222.0,777088.0,773164.0,758272.0,0.0,804795.0,749819.0,536442.0,0.0,67.47,87.99,82.25,0.0,0.0,0.0,0.0,76.29,46.08,0.0,88.4,82.94,82.52,80.93,0.0,85.9,80.03,42.37,0.0,993225.0,936952.0,936952.0,0.0,0.0,0.0,0.0,936952.0,936952.0,0.0,936952.0,936952.0,936952.0,936952.0,0.0,936952.0,936952.0,1266151.0,0.0,14472.603322557101,13606.761604449666,,28915653.0,11392182.0,16569240.0,954231.0,,581540.0,0.9371748695001586,4362316.738731831,18.130282910000002,22.78503506,4.654752149999998,0.20186799264903127,0.2518042494241476
MWI,2020,20.16344283910787,20.462375185883374,18.213015347732686,0.6005668737558636,0.6005668737558636,8.787111882203046,8.787111882203046,overprediction,overprediction,Malawi,AFRO,Gavi low income countries,20043070.7954271,3547264.46021187,16741887.0053781,2999101.65717455,689700.0,711540.0,701204.0,671712.0,0.0,671712.0,0.0,671712.0,543579.0,599756.0,708051.0,707956.0,696621.0,692901.0,671712.0,701358.0,677702.0,0.0,0.0,86.56,95.19,93.81,89.86,0.0,89.86,0.0,89.86,74.53,75.27,94.73,94.71,93.2,92.7,89.86,93.83,90.67,0.0,0.0,796814.0,747470.0,747470.0,747470.0,0.0,747470.0,0.0,747470.0,729381.0,796814.0,747470.0,747470.0,747470.0,747470.0,747470.0,747470.0,747470.0,0.0,0.0,12182.3482127073,8022.203790130513,33.233,19377061.0,8473148.0,10363487.0,540426.0,643957.868213,94280.0,0.979280189272635,3232783.88674294,16.7418870053781,20.0430707954271,3.301183790049001,0.1769820850516175,0.17913761191979913
MDV,2021,0.43560249831421094,0.4477196324739494,0.2090959301186865,60.753598774608086,60.753598774608086,22.835788624295308,29.593756246804855,overprediction,underprediction,Maldives,SEARO,non-Gavi middle income countries,270975.27,270975.27,270975.27,270975.27,6039.0,5914.0,5873.0,5873.0,6039.0,5873.0,0.0,5931.0,5970.0,0.0,0.0,0.0,0.0,5874.0,5931.0,0.0,0.0,0.0,5931.0,99.21,97.16,96.48,96.48,99.21,96.48,0.0,97.44,97.9,0.0,0.0,0.0,0.0,96.5,97.44,0.0,0.0,0.0,97.44,6087.0,6087.0,6087.0,6087.0,6087.0,6087.0,0.0,6087.0,6098.0,0.0,0.0,0.0,0.0,6087.0,6087.0,0.0,0.0,0.0,6087.0,5405.57623579462,5443.274900747101,,521457.0,113251.0,384512.0,23694.0,,300.0,0.9371748695001586,0.0,0.27097527,0.27097527,0.0,1.0,1.0
MLI,2021,77.35974373590744,77.35974373590741,24.220727414100157,350.557531356792,350.557531356792,39.23123410006453,39.23123410006453,overprediction,overprediction,Mali,AFRO,Gavi low income countries,17169781.5155701,17169781.5155701,17396044.48,6331123.16066269,969634.0,943917.0,830800.0,830800.0,0.0,830800.0,0.0,783046.0,284577.0,0.0,936889.0,856767.0,825329.0,816827.0,0.0,892036.0,766023.0,758481.0,0.0,103.41,110.74,97.47,0.0,0.0,97.47,0.0,91.86,33.39,0.0,109.91,100.51,96.83,95.83,0.0,104.65,89.87,71.16,0.0,937630.0,852391.0,852391.0,852391.0,0.0,852391.0,0.0,852391.0,852391.0,0.0,852391.0,852391.0,852391.0,852391.0,0.0,852391.0,852391.0,1065850.0,0.0,19140.4616058227,17363.59094284396,,21904983.0,10381555.0,10989510.0,533918.0,,1220190.0,0.9371748695001586,-212047.96416231059,17.39604448,17.1697815155701,-0.22626296442990002,1.0,0.3639403870196755
MRT,2020,4.950803663667974,7.732810525315995,4.1715962740037185,30.45709392645507,30.45709392645507,49.883167267540706,49.883167267540706,overprediction,overprediction,Mauritania,AFRO,Gavi low-middle income countries,3794967.0,910662.0,2783232.0,638662.0,143413.0,137157.0,121240.0,121240.0,0.0,121240.0,0.0,122745.0,0.0,25728.0,136103.0,129113.0,121512.0,120534.0,122745.0,133409.0,125153.0,57460.0,0.0,92.47,92.13,81.44,81.44,0.0,81.44,0.0,82.45,0.0,16.59,91.42,86.73,81.62,80.96,82.45,89.61,84.07,31.02,0.0,155092.0,148872.0,148872.0,148872.0,0.0,148872.0,0.0,148872.0,0.0,155092.0,148872.0,148872.0,148872.0,148872.0,148872.0,148872.0,148872.0,185209.0,0.0,8405.49120174674,7719.052155346901,33.427,4498604.0,1906333.0,2443604.0,148667.0,150374.83590799998,1030700.0,0.979280189272635,990772.0422937497,2.783232,3.794967,1.0117350000000003,0.23996572302209743,0.22946775547277412
MRT,2021,5.321372384831302,8.406152538459672,4.593832059280319,4.880088818237299,4.880088818237299,21.608962312029174,21.608962312029174,overprediction,overprediction,Mauritania,AFRO,Gavi low-middle income countries,5073768.0,1296224.0,3777544.0,1024224.0,140747.0,132836.0,117269.0,117269.0,0.0,117269.0,0.0,113990.0,0.0,42781.0,132502.0,121796.0,116752.0,115796.0,113990.0,112876.0,100904.0,59134.0,0.0,88.69,87.18,76.96,76.96,0.0,76.96,0.0,74.81,0.0,26.96,86.96,79.93,76.62,76.0,74.81,74.08,66.22,31.19,0.0,158697.0,152371.0,152371.0,152371.0,0.0,152371.0,0.0,152371.0,0.0,158697.0,152371.0,152371.0,152371.0,152371.0,152371.0,152371.0,152371.0,189577.0,0.0,9996.24965823982,7907.811407700677,,4614974.0,1938735.0,2525818.0,150420.0,,1030700.0,0.9371748695001586,1214788.5580429737,3.777544,5.073768,1.2962240000000003,0.25547561496702254,0.2711348961123947
MEX,2020,239.80350322633961,179.8603041047172,268.37360036022864,16.1041336983512,16.1041336983512,29.93743565479595,29.93743565479595,overprediction,overprediction,Mexico,AMRO,non-Gavi middle income countries,206541744.542335,206541744.542335,206540631.656927,206540631.656927,599202.0,1667809.0,1556020.0,1665083.0,1087624.0,1556020.0,,1987807.0,1746288.0,0.0,1654819.0,1670759.0,1666434.0,1556020.0,1987807.0,1578592.0,1492243.0,716221.0,0.0,33.05,91.99,85.83,91.84,59.99,85.83,,104.08,83.34,0.0,91.28,92.16,87.25,85.83,104.08,87.07,82.31,27.67,0.0,1812977.0,1812977.0,1812977.0,1812977.0,1812977.0,1812977.0,,1909958.0,2095349.0,0.0,1812977.0,1812977.0,1909958.0,1812977.0,1909958.0,1812977.0,1812977.0,2588389.0,0.0,1090515.38974941,1226664.9226391953,15.565,125998302.0,31923942.0,83967738.0,10106622.0,1961163.57063,1943950.0,0.979280189272635,1089.8266330063343,206.540631656927,206.541744542335,0.0011128854080217922,1.0,1.0
MEX,2021,326.5681737535737,353.03788021854876,281.479966294411,222.10177543841309,222.10177543841309,76.88377779393282,76.88377779393282,overprediction,overprediction,Mexico,AMRO,non-Gavi middle income countries,101386641.942312,101386641.942312,159132719.690288,101386641.942312,2210543.0,1761829.0,1651233.0,1691710.0,0.0,1651233.0,,2196900.0,2130435.0,0.0,1761829.0,1719706.0,1776198.0,1651233.0,2196900.0,1745582.0,1633965.0,61478.0,144987.0,104.32,83.14,77.92,79.83,0.0,77.92,,103.08,96.98,0.0,83.14,81.16,83.34,77.92,103.08,82.38,77.11,2.08,20.58,2119036.0,2119036.0,2119036.0,2119036.0,0.0,2119036.0,,2131250.0,2196725.0,0.0,2119036.0,2119036.0,2131250.0,2119036.0,2131250.0,2119036.0,2119036.0,2948908.0,704374.0,1272839.3341193001,1284570.441296128,,126705138.0,31616904.0,84782496.0,10305738.0,,1943950.0,0.9371748695001586,-54118172.87760544,159.132719690288,101.386641942312,-57.74607774797602,1.0,0.6371200224544374
MNG,2020,3.2572836299773793,6.876333935852653,2.961977646413666,7.071808928919876,7.071808928919876,0.24716710586846188,0.2477795353749825,overprediction,underprediction,Mongolia,WPRO,non-Gavi middle income countries,3042148.68746613,2783485.96780519,2969316.82086386,2716231.55710632,76016.0,74191.0,73363.0,73363.0,75165.0,73363.0,,71418.0,65654.0,0.0,74148.0,73444.0,69746.0,73234.0,71418.0,0.0,0.0,0.0,0.0,99.63,97.59,96.38,96.38,98.51,96.38,,97.15,95.49,0.0,97.63,96.53,96.39,96.23,97.15,0.0,0.0,0.0,0.0,76301.0,76024.0,76121.0,76121.0,76300.0,76121.0,,73510.0,68755.0,0.0,75950.0,76083.0,72357.0,76104.0,73510.0,0.0,0.0,0.0,0.0,13312.981594573,14398.938417492354,22.405,3294335.0,1060842.0,2093145.0,140348.0,73809.575675,1557255.4,0.979280189272635,71322.80411135033,2.9693168208638605,3.0421486874661303,0.07283186660227005,0.9149736760972108,0.9147665005029977
MNG,2021,3.2072100019787606,7.078649147276902,3.322067648389395,4.956076806999269,5.214512028228488,15.67270088583618,15.67270088583618,underprediction,overprediction,Mongolia,WPRO,non-Gavi middle income countries,3374450.35330249,3374450.35330249,2871954.76802096,2871954.76802096,71194.0,68556.0,66063.0,66063.0,70481.0,66063.0,,63815.0,58694.0,0.0,68557.0,66119.0,63144.0,0.0,63815.0,0.0,0.0,0.0,0.0,99.35,97.06,95.44,95.44,98.36,95.44,,95.25,93.92,0.0,97.02,95.47,95.04,0.0,95.25,0.0,0.0,0.0,0.0,71659.0,70631.0,69216.0,69216.0,71659.0,69216.0,,66999.0,62491.0,0.0,70663.0,69253.0,66439.0,0.0,66999.0,0.0,0.0,0.0,0.0,15286.4418181437,14634.615860753998,,3347782.0,1085725.0,2114128.0,147929.0,,1557255.4,0.9371748695001586,470926.23456062376,2.87195476802096,3.37445035330249,0.50249558528153,1.0,1.0
MOZ,2020,21.15855043621232,22.65081019042124,23.084278184894202,28.618645280623483,28.618645280623483,63.043700361541056,63.043700361541056,overprediction,overprediction,Mozambique,AFRO,Gavi low income countries,16450609.0,5889622.0,14158338.0,4317913.0,1308901.0,1234057.0,1143120.0,1143120.0,0.0,1143120.0,0.0,1145884.0,851772.0,0.0,1231620.0,1095963.0,866424.0,1057308.0,1145884.0,1060109.0,941350.0,1327669.0,0.0,124.09,116.99,108.37,108.37,0.0,108.37,0.0,108.64,80.75,0.0,116.76,103.9,82.14,100.24,108.64,100.5,89.24,88.32,0.0,1054798.0,1054798.0,1054798.0,1054798.0,0.0,1054798.0,0.0,1054798.0,1054798.0,0.0,1054798.0,1054798.0,1054798.0,1054798.0,1054798.0,1054798.0,1054798.0,1503332.0,0.0,14028.8110717628,19114.70320767231,36.974,31178239.0,13675858.0,16691707.0,810673.0,1152784.208786,786380.0,0.979280189272635,2244775.578744171,14.158338,16.450609,2.2922709999999986,0.35801847822168775,0.3049731543349226
NAM,2021,6.963533001070971,5.782647405934234,5.627207282850357,277.2783942286688,277.2783942286688,306.11978509194677,306.11978509194677,overprediction,overprediction,Namibia,AFRO,non-Gavi middle income countries,1845728.01082544,1649483.08525034,1385602.84167794,1385602.84167794,88657.0,94788.0,88677.0,88677.0,76441.0,88677.0,0.0,85986.0,53035.0,78571.0,77070.0,76806.0,74177.0,68373.0,85986.0,41305.0,39325.0,52105.0,89831.0,93.27,100.73,94.24,94.24,80.42,94.24,0.0,91.38,56.36,82.66,81.9,81.62,78.83,72.66,91.38,43.89,41.79,8.68,95.46,95052.0,94101.0,94101.0,94101.0,95052.0,94101.0,0.0,94101.0,94101.0,95052.0,94101.0,94101.0,94101.0,94101.0,94101.0,94101.0,94101.0,600463.0,94101.0,12310.595843935302,11300.33929286757,,2530151.0,916066.0,1512169.0,101917.0,,823290.0,0.9371748695001586,431217.7453495469,1.38560284167794,1.8457280108254401,0.4601251691475002,0.8936761405667045,1.0
NPL,2021,22.811158040962532,21.69934580014159,21.938790658848966,1.6539939588879944,1.6539939588879944,52.257013629791075,52.257013629791075,overprediction,overprediction,Nepal,SEARO,Gavi low-middle income countries,22440001.767356105,8887714.58444243,14409050.9434216,4726620.73818177,562698.0,546816.0,541612.0,541612.0,0.0,541612.0,502962.0,510257.0,482147.0,0.0,537838.0,524865.0,497686.0,506243.0,510257.0,503698.0,439372.0,452129.0,4536716.0,90.72,88.16,87.32,87.32,0.0,87.32,84.36,82.27,80.87,0.0,86.71,84.62,80.24,81.62,82.27,81.21,70.84,60.08,166.89,620258.0,620258.0,620258.0,620258.0,0.0,620258.0,596205.0,620258.0,596205.0,0.0,620258.0,620258.0,620258.0,620258.0,620258.0,620258.0,620258.0,752506.0,2718459.0,36288.8303734106,33153.15368918305,,30034989.0,8827834.0,19390423.0,1816732.0,,143350.0,0.9371748695001586,7526405.290383009,14.409050943421601,22.4400017673561,8.030950823934504,0.3960656811253712,0.3280313711667243
NIC,2020,18.307545462261626,18.307545462261626,14.29812507555624,116.49416558762344,116.49416558762344,77.80312071164694,77.80312071164694,overprediction,overprediction,Nicaragua,AMRO,non-Gavi middle income countries,8456368.98,7489980.93,8041549.0,7133501.0,131278.0,131487.0,135420.0,135420.0,0.0,135420.0,,146890.0,129631.0,0.0,131460.0,133624.0,135257.0,135542.0,146890.0,131295.0,133798.0,67245.0,0.0,102.79,102.95,106.03,106.03,0.0,106.03,,114.31,100.88,0.0,102.93,104.63,105.9,106.13,114.31,102.8,104.76,42.53,0.0,127717.0,127717.0,127717.0,127717.0,0.0,127717.0,,128499.0,128499.0,0.0,127717.0,127717.0,127717.0,127717.0,128499.0,127717.0,127717.0,158116.0,0.0,12586.9705114131,13565.092312078677,20.903,6755895.0,2053936.0,4360222.0,341737.0,141218.47318499998,120340.0,0.979280189272635,406224.98852847144,8.041549,8.45636898,0.41481998000000075,0.8857206855228777,0.8870804617369116
NIC,2021,23.89106615572172,23.891066155721727,15.848816937734625,20.018071512315526,20.018071512315526,18.223652416318444,18.223652416318444,overprediction,overprediction,Nicaragua,AMRO,non-Gavi middle income countries,19906224.0,17935392.999999996,13405792.0,12163839.0,124282.0,125312.0,130331.0,130331.0,0.0,130331.0,,129958.0,112361.0,0.0,125230.0,129176.0,130343.0,130658.0,129958.0,125163.0,129669.0,141684.0,0.0,95.93,96.73,100.6,100.6,0.0,100.6,,99.75,86.24,0.0,96.66,99.71,100.61,100.85,99.75,96.61,100.09,117.91,0.0,129552.0,129552.0,129552.0,129552.0,0.0,129552.0,,130288.0,130288.0,0.0,129552.0,129552.0,129552.0,129552.0,130288.0,129552.0,129552.0,120167.0,0.0,14013.0220920645,14968.311677776805,,6850540.0,2060498.0,4436665.0,353377.0,,120340.0,0.9371748695001586,6092041.5112946555,13.405792,19.906224,6.500432000000001,0.9009942317538473,0.9073569842050361
NER,2020,22.568420494024362,20.134429231114055,21.668654856223387,14.56337656812943,14.56337656812943,30.397216080590916,30.397216080590916,overprediction,overprediction,Niger,AFRO,Gavi low income countries,19699507.0938776,2705377.9136327,16617421.3741122,2705377.9136327,1105050.0,1003552.0,945439.0,945439.0,0.0,945439.0,0.0,943065.0,651209.0,858028.0,1003591.0,951686.0,946180.0,944304.0,0.0,991817.0,932207.0,856319.0,0.0,114.19,103.7,97.7,97.7,0.0,97.7,0.0,97.45,67.29,88.66,103.71,98.34,97.77,97.58,0.0,102.49,96.33,70.79,0.0,967726.0,967726.0,967726.0,967726.0,0.0,967726.0,0.0,967726.0,967726.0,967726.0,967726.0,967726.0,967726.0,967726.0,0.0,967726.0,967726.0,1209591.0,0.0,13744.1746899681,13459.288128798777,45.588,24333639.0,11910940.0,11830026.0,592673.0,1109321.934732,1266700.0,0.979280189272635,3018225.4870063458,16.6174213741122,19.6995070938776,3.082085719765399,0.1373322642409415,0.16280371380889036
NER,2021,24.30515577142697,22.636974169983304,18.271232215001483,2.6294292074026346,2.7004352403391043,1.4126872279695752,1.4126872279695752,underprediction,overprediction,Niger,AFRO,Gavi low income countries,24961500.7630979,3480420.62756003,18016712.4197477,3480420.62756003,1135439.0,1029195.0,970564.0,970564.0,0.0,970564.0,0.0,974492.0,700928.0,1145286.0,1029561.0,978808.0,970912.0,970859.0,0.0,1019703.0,965558.0,908168.0,0.0,113.98,103.32,97.43,97.43,0.0,97.43,0.0,97.82,70.36,114.97,103.35,98.26,97.47,97.46,0.0,102.36,96.93,72.93,0.0,996162.0,996162.0,996162.0,996162.0,0.0,996162.0,0.0,996162.0,996162.0,996162.0,996162.0,996162.0,996162.0,996162.0,0.0,996162.0,996162.0,1245204.0,0.0,14915.001426972402,13645.98584149029,,25252722.0,12349753.0,12292016.0,610952.0,,1266700.0,0.9371748695001586,6508481.109385449,18.0167124197477,24.9615007630979,6.944788343350203,0.139431545426361,0.19317734259582353
NGA,2020,177.6729379312509,173.01747393053037,227.04170043781792,72.3206991392819,261.28080150289475,17.12168239571751,20.658819931007866,underprediction,underprediction,Nigeria,AFRO,Gavi low-middle income countries,641898214.211764,109408441.161652,273945836.499565,90518262.6837715,6668217.0,7031143.0,6596065.0,0.0,4961777.0,0.0,0.0,6142004.0,962567.0,0.0,7037445.0,6026597.0,6561263.0,6592725.0,0.0,0.0,0.0,3525530.0,0.0,76.48,87.18,81.79,0.0,56.91,0.0,0.0,76.16,11.94,0.0,87.26,74.73,81.36,81.75,0.0,0.0,0.0,32.35,0.0,8718876.0,8064971.0,8064971.0,0.0,8718876.0,0.0,0.0,8064971.0,8064971.0,0.0,8064971.0,8064971.0,8064971.0,8064971.0,0.0,0.0,0.0,10898578.0,0.0,432198.936002177,532416.9357005134,37.467,208327405.0,90626347.0,111445958.0,6255100.0,7805402.883135,910770.0,0.979280189272635,360328474.0893184,273.945836499565,641.898214211764,367.95237771219905,0.17044515585076522,0.330423940149626
NGA,2021,179.98999098366497,180.790789565804,238.25274462156665,146.28717000688002,146.28717000688002,240.38852964692552,240.38852964692552,overprediction,overprediction,Nigeria,AFRO,Gavi low-middle income countries,73081350.92,46512244.52,69994351.71,45219777.43,6552245.0,6794019.0,6410466.0,0.0,4628987.0,0.0,0.0,5841703.0,1387526.0,0.0,6830814.0,5851935.0,6384666.0,6452089.0,0.0,0.0,0.0,4417908.0,0.0,81.53,84.54,79.76,0.0,54.72,0.0,0.0,72.69,17.26,0.0,84.99,72.81,79.44,80.28,0.0,0.0,0.0,41.78,0.0,8036751.0,8036751.0,8036751.0,0.0,8459734.0,0.0,0.0,8036751.0,8036751.0,0.0,8036751.0,8036751.0,8036751.0,8036751.0,0.0,0.0,0.0,10574686.0,0.0,440833.58399248496,551835.1745214241,,213401323.0,92372972.0,114665538.0,6362813.0,,910770.0,0.9371748695001586,2893058.0817788467,69.99435171,73.08135092,3.086999210000004,0.6364447828956471,0.6460489500260563
PAK,2021,282.6133689510269,254.4996827187801,161.5746298868706,57.61238173355498,57.61238173355498,2.074210030474155,2.074210030474155,overprediction,overprediction,Pakistan,EMRO,Gavi low-middle income countries,179309116.354061,46194496.0,158291335.136106,35372531.0,7145107.0,6654104.0,6173924.0,6173924.0,0.0,6173924.0,0.0,6109880.0,5489699.0,0.0,6559288.0,6126157.0,6063444.0,6063444.0,0.0,6438933.0,5993477.0,4681851.0,0.0,95.81,94.96,88.11,88.11,0.0,88.11,0.0,87.2,78.35,0.0,93.61,87.43,86.53,86.53,0.0,91.89,85.54,59.83,0.0,7457320.0,7006962.0,7006962.0,7006962.0,0.0,7006962.0,0.0,7006962.0,7006962.0,0.0,7006962.0,7006962.0,7006962.0,7006962.0,0.0,7006962.0,7006962.0,7825499.0,0.0,348262.544719178,362998.6739468391,,231402117.0,85480175.0,136153500.0,9768442.0,,770880.0,0.9371748695001586,19697336.37011984,158.29133513610603,179.30911635406102,21.017781217954976,0.25762491578389723,0.2234647333638642
PAN,2020,142.00696800831867,94.21559019305647,43.52844064592943,267.3536183075058,267.3536183075058,21.820575193748482,21.820575193748482,overprediction,overprediction,Panama,AMRO,non-Gavi middle income countries,38656749.5,38656749.5,35731600.0,35731600.0,67343.0,65563.0,49948.0,49948.0,57877.0,49948.0,,58804.0,54573.0,0.0,65118.0,58806.0,54844.0,49948.0,58804.0,65495.0,58165.0,67580.0,121796.0,100.0,97.36,74.17,74.17,85.94,74.17,,79.52,73.8,0.0,96.7,87.32,74.16,74.17,79.52,97.26,86.37,100.35,41.2,67343.0,67343.0,67343.0,67343.0,67343.0,67343.0,,73952.0,73952.0,0.0,67343.0,67343.0,73952.0,67343.0,73952.0,67343.0,67343.0,67343.0,295600.0,53977.0,55899.76563921823,17.919,4294396.0,1145692.0,2789531.0,359173.0,76951.28192400001,74340.0,0.979280189272635,2864540.9560107514,35.7316,38.656749500000004,2.9251494999999976,1.0,1.0
PNG,2020,6.894073912590856,7.371143366959032,3.6952641136233666,48.73722785001409,95.07333647001663,21.765585084412685,27.82098531432378,underprediction,underprediction,Papua New Guinea,WPRO,Gavi low-middle income countries,13448500.0,10000000.0,4723323.0,3274823.0,169711.0,182915.0,134923.0,134923.0,77612.0,134923.0,,130280.0,79899.0,0.0,178058.0,152790.0,130444.0,133964.0,130280.0,0.0,0.0,104064.0,415505.0,51.96,61.27,45.2,45.2,23.76,45.2,,43.64,27.48,0.0,59.65,51.18,43.7,44.88,43.64,0.0,0.0,31.86,31.95,326602.0,298523.0,298523.0,298523.0,326602.0,298523.0,,298523.0,290784.0,0.0,298523.0,298523.0,298523.0,298523.0,298523.0,0.0,0.0,326602.0,1300375.0,23848.2658959538,25476.96579580415,25.996,9749640.0,3404273.0,6049603.0,295764.0,253451.64143999998,452860.0,0.979280189272635,8544392.983997243,4.723323,13.448500000000001,8.725177,0.7435773506338996,0.6933303100380811
PRY,2020,29.394191916939242,30.39706369476137,23.04371905461185,32.5552853282014,32.5552853282014,9.879906640993664,9.879906640993664,overprediction,overprediction,Paraguay,AMRO,non-Gavi middle income countries,22175043.2992245,22009317.5417093,20971731.5558901,20971731.5558901,102697.0,102559.0,94667.0,94667.0,0.0,94667.0,,96044.0,84157.0,0.0,102494.0,98372.0,94864.0,92220.0,96044.0,101775.0,97226.0,55015.0,0.0,72.27,72.17,66.62,66.62,0.0,66.62,,67.85,59.86,0.0,72.13,69.23,67.02,64.9,67.85,71.62,68.42,38.87,0.0,142104.0,142104.0,142104.0,142104.0,142104.0,142104.0,,141547.0,140580.0,0.0,142104.0,142104.0,141547.0,142104.0,141547.0,142104.0,142104.0,141547.0,0.0,35432.1780681814,42939.20499547491,20.946,6618695.0,1933132.0,4277704.0,407860.0,138635.18547000003,397300.0,0.979280189272635,1178379.351766497,20.9717315558901,22.1750432992245,1.2033117433344012,0.992526474231462,1.0
PRY,2021,32.30017840322761,32.46620035548841,30.91932446973551,31.721932141525073,31.721932141525073,39.66337165745809,39.66337165745809,overprediction,overprediction,Paraguay,AMRO,non-Gavi middle income countries,24521488.470518,22948769.8361998,22138463.4373349,22138463.4373349,95473.0,94718.0,81923.0,81923.0,0.0,81923.0,,79723.0,77485.0,0.0,77782.0,70128.0,65935.0,75523.0,79723.0,90704.0,80228.0,58893.0,0.0,67.11,66.57,57.58,57.58,0.0,57.58,,56.3,55.02,0.0,54.67,49.29,46.56,53.08,56.3,63.75,56.39,41.39,0.0,142274.0,142274.0,142274.0,142274.0,142274.0,142274.0,,141616.0,140829.0,0.0,142274.0,142274.0,141616.0,142274.0,141616.0,142274.0,142274.0,142274.0,0.0,39495.4315741782,44700.7487016596,,6703799.0,1945503.0,4340753.0,417543.0,,397300.0,0.9371748695001586,2233311.174488984,22.1384634373349,24.521488470518,2.3830250331831015,0.9358636554135339,1.0
PER,2020,204.85762486022105,204.85762486022105,153.42305666539744,43.443404807821615,76.81403850461939,57.64333539016623,136.09035536944384,underprediction,underprediction,Peru,AMRO,non-Gavi middle income countries,362217039.7,362217039.7,362217039.7,362217039.7,439542.0,470429.0,365435.0,365435.0,378942.0,365435.0,,427078.0,289439.0,0.0,467063.0,425832.0,408536.0,362189.0,427078.0,450549.0,383338.0,133622.0,0.0,86.86,92.97,72.22,72.22,74.89,72.22,,77.09,52.25,0.0,92.3,84.16,73.74,71.58,77.09,89.04,75.76,14.54,0.0,506008.0,506008.0,506008.0,506008.0,506008.0,506008.0,,553993.0,553993.0,0.0,506008.0,506008.0,553993.0,506008.0,553993.0,506008.0,506008.0,919209.0,0.0,201705.055938653,203788.66042229658,17.833,33304756.0,8884000.0,21672269.0,2748486.0,593923.713748,1280000.0,0.979280189272635,0.0,362.2170397,362.2170397,0.0,1.0,1.0
PHL,2020,117.1554529194078,104.80184509212157,180.33253971818795,22.925560589735277,29.744699754095212,18.637494541290305,18.637494541290305,underprediction,overprediction,Philippines,WPRO,non-Gavi middle income countries,152002990.635836,152002990.635836,152002990.635836,152002990.635836,1369338.0,1577908.0,1508755.0,1508755.0,1127744.0,1508755.0,,1528923.0,1451260.0,0.0,1560977.0,1486962.0,1410260.0,1525939.0,1528923.0,0.0,0.0,824354.0,0.0,64.5,74.32,71.06,71.06,53.12,71.06,,72.01,68.35,0.0,73.52,70.04,66.42,71.87,72.01,0.0,0.0,38.83,0.0,2123158.0,2123158.0,2123158.0,2123158.0,2123158.0,2123158.0,,2123158.0,2123158.0,0.0,2123158.0,2123158.0,2123158.0,2123158.0,2123158.0,0.0,0.0,2123158.0,0.0,361751.11629254103,381577.23151060444,22.039,112190977.0,34713208.0,71618946.0,5858823.0,2472576.9421030004,298170.0,0.979280189272635,0.0,152.002990635836,152.002990635836,0.0,1.0,1.0
RWA,2020,16.02617785571817,19.068954405448583,12.209308638901712,93.01641290599171,93.01641290599171,51.832647206999205,51.832647206999205,overprediction,overprediction,Rwanda,AFRO,Gavi low income countries,8303013.0,1853363.0,8041293.4,1591643.4,343590.0,339692.0,339563.0,339563.0,0.0,339563.0,0.0,350918.0,339750.0,0.0,339692.0,339512.0,339563.0,339563.0,350918.0,339548.0,339458.0,270592.0,0.0,89.46,91.36,91.33,91.33,0.0,91.33,0.0,94.38,91.38,0.0,91.36,91.32,91.33,91.33,94.38,91.32,91.3,70.45,0.0,384072.0,371803.0,371803.0,371803.0,0.0,371803.0,0.0,371803.0,371803.0,0.0,371803.0,371803.0,371803.0,371803.0,371803.0,371803.0,371803.0,384072.0,0.0,10184.3454421708,11502.611078084768,30.309,13146362.0,5170052.0,7568496.0,407814.0,398453.08585800003,24670.0,0.979280189272635,256296.8194243582,8.0412934,8.303013,0.2617195999999999,0.22321571699333723,0.197933755283696
RWA,2021,17.212761173652687,19.52893977657288,12.708874219251,680.9202136131446,680.9202136131446,51.25377988119515,51.25377988119515,overprediction,overprediction,Rwanda,AFRO,Gavi low income countries,2204163.86637158,1754028.51669108,8402351.48452713,1623293.41056846,349114.0,340778.0,334169.0,334169.0,0.0,334169.0,0.0,327901.0,320420.0,0.0,340778.0,336957.0,334169.0,334169.0,327901.0,340758.0,336918.0,282096.0,0.0,89.21,89.95,88.2,88.2,0.0,88.2,0.0,86.55,84.58,0.0,89.95,88.94,88.2,88.2,86.55,89.94,88.93,72.08,0.0,391360.0,378858.0,378858.0,378858.0,0.0,378858.0,0.0,378858.0,378858.0,0.0,378858.0,378858.0,378858.0,378858.0,378858.0,378858.0,378858.0,391360.0,0.0,11070.3565194804,12754.614984872363,,13461888.0,5235216.0,7803465.0,423207.0,,24670.0,0.9371748695001586,-5808785.672182427,8.40235148452713,2.2041638663715797,-6.19818761815555,0.7957795440946515,0.19319513276226816
VCT,2020,0.21312567870586238,0.2623410881302994,0.07345189839890309,15.870787293818495,18.86477572213435,70.3003087236866,236.70383664813946,underprediction,underprediction,Saint Vincent and The Grenadines,AMRO,non-Gavi middle income countries,253331.36,253331.36,247315.36,247315.36,1343.0,1335.0,1408.0,0.0,1280.0,0.0,,1441.0,1441.0,0.0,0.0,0.0,0.0,1408.0,0.0,0.0,0.0,0.0,0.0,101.21,100.6,106.1,0.0,96.46,0.0,,108.59,96.91,0.0,0.0,0.0,0.0,106.1,0.0,0.0,0.0,0.0,0.0,1327.0,1327.0,1327.0,0.0,1327.0,0.0,,1327.0,1487.0,0.0,0.0,0.0,0.0,1327.0,0.0,0.0,0.0,0.0,0.0,872.134555555555,868.4751287883926,13.071,104632.0,23310.0,70152.0,11169.0,1367.6448719999999,390.0,0.979280189272635,5891.349618664157,0.24731536,0.25333135999999995,0.006015999999999984,1.0,1.0
SEN,2020,24.593281183253854,26.574066527293617,15.553504809093331,33.421868944901895,50.199470029044434,11.47736030508368,12.965451939344735,underprediction,underprediction,Senegal,AFRO,Gavi low-middle income countries,36938978.0,21052565.0,17570087.0,6481251.0,579388.0,575555.0,553025.0,553025.0,473695.0,553025.0,0.0,547201.0,441936.0,0.0,575555.0,553063.0,553025.0,549472.0,547201.0,576147.0,551743.0,412590.0,501292.0,100.14,100.06,96.14,96.14,81.87,96.14,0.0,95.13,78.78,0.0,100.06,96.15,96.14,95.52,95.13,100.16,95.92,68.4,173.29,578559.0,575218.0,575218.0,575218.0,578559.0,575218.0,0.0,575218.0,560997.0,0.0,575218.0,575218.0,575218.0,575218.0,575218.0,575218.0,575218.0,603198.0,289277.0,24493.1575832282,24330.44862305071,33.034,16436120.0,6913873.0,9000711.0,521536.0,542950.78808,192530.0,0.979280189272635,18967571.244481035,17.570087,36.938978,19.368890999999998,0.5699281934654501,0.36887984675317775
SEN,2021,27.28006510398338,27.19113587994623,15.459703985106906,119.1071157675817,119.1071157675817,74.807950511746,74.807950511746,overprediction,overprediction,Senegal,AFRO,Gavi low-middle income countries,12450561.0,3224871.0,8843822.0,3090253.0,543124.0,542875.0,527898.0,0.0,440674.0,527898.0,0.0,554634.0,495182.0,0.0,545272.0,521059.0,527807.0,525562.0,554634.0,541908.0,520550.0,409670.0,525661.0,91.7,92.14,89.6,0.0,74.41,89.6,0.0,94.14,84.95,0.0,92.55,88.44,89.59,89.21,94.14,91.98,88.36,69.54,89.22,592256.0,589156.0,589156.0,0.0,592256.0,589156.0,0.0,589156.0,582878.0,0.0,589156.0,589156.0,589156.0,589156.0,589156.0,589156.0,589156.0,589156.0,589156.0,27625.3883521688,25805.96769867542,,16876720.0,7047810.0,9296026.0,532884.0,,192530.0,0.9371748695001586,3380145.1516461326,8.843822,12.450561,3.606739,0.2590141118942351,0.34942505627092
SLE,2020,11.336818583101346,11.373400472869537,6.923970062737681,77.8371627906896,77.8371627906896,79.61799266265318,79.61799266265318,overprediction,overprediction,Sierra Leone,AFRO,Gavi low income countries,6374831.0,3225588.0,3854831.0,235000.0,232391.0,271902.0,263930.0,0.0,0.0,0.0,0.0,253046.0,196780.0,0.0,272206.0,261458.0,265810.0,261203.0,253046.0,272738.0,261305.0,339830.0,335153.0,71.72,93.24,90.51,0.0,0.0,0.0,0.0,86.78,67.48,0.0,93.35,89.66,91.15,89.57,86.78,93.53,89.61,95.35,114.93,324013.0,291611.0,291611.0,0.0,0.0,0.0,0.0,291611.0,291611.0,0.0,291611.0,291611.0,291611.0,291611.0,291611.0,291611.0,291611.0,356414.0,291611.0,4063.28944958795,5296.954019145168,31.914,8233970.0,3275899.0,4698935.0,259136.0,262778.91858000006,72180.0,0.979280189272635,2467786.0769670405,3.854831,6.374831,2.52,0.5059880018780105,0.060962465021164355
SLE,2021,9.289096943078091,10.049284933648918,6.971525558058244,41.19526867904062,41.19526867904062,16.43767910581809,16.43767910581809,overprediction,overprediction,Sierra Leone,AFRO,Gavi low income countries,6578901.0,2640000.0,5987345.0,,244983.0,287450.0,283047.0,0.0,0.0,0.0,0.0,267923.0,206337.0,237384.0,281701.0,274075.0,276836.0,276836.0,0.0,235912.0,229384.0,182553.0,0.0,74.0,94.0,92.0,0.0,0.0,0.0,0.0,87.0,67.0,72.0,92.0,89.0,90.0,90.0,0.0,77.0,75.0,100.0,0.0,331915.0,307022.0,307022.0,0.0,0.0,0.0,0.0,307022.0,307022.0,331915.0,307022.0,307022.0,307022.0,307022.0,0.0,307022.0,307022.0,365107.0,0.0,4042.23786428942,5514.3780954749,,8420641.0,3316876.0,4839325.0,264439.0,,72180.0,0.9371748695001586,554391.4171020361,5.9873449999999995,6.578901,0.5915560000000003,0.40128282824137346,
SLB,2021,2.5474533342568755,2.384185190804032,0.9077199166134123,449.27225951932144,449.27225951932144,95.78245839167548,95.78245839167548,overprediction,overprediction,Solomon Islands,WPRO,Gavi low-middle income countries,463787.0,463787.0,463637.0,330034.07,14170.0,15715.0,14425.0,14425.0,12844.0,14425.0,,11155.0,6594.0,15551.0,15812.0,14845.0,14231.0,13921.0,11155.0,14021.0,12412.0,12904.0,0.0,83.46,94.81,87.03,87.03,75.65,87.03,,67.3,39.78,86.39,95.4,89.56,85.86,83.99,67.3,84.59,74.88,71.69,0.0,16978.0,16575.0,16575.0,16575.0,16978.0,16575.0,,16575.0,16575.0,18000.0,16575.0,16575.0,16575.0,16575.0,16575.0,16575.0,16575.0,18000.0,0.0,1631.48653192364,1526.7387672945558,,707851.0,278450.0,404928.0,24473.0,,27990.0,0.9371748695001586,140.57623042503837,0.46363699999999997,0.46378699999999995,0.00015000000000001557,1.0,0.7118372131646095
ZAF,2021,219.82318537727213,194.91408833426806,190.2749486963746,12.344624305408772,12.344624305408772,2.7565377631213726,2.834676696729112,overprediction,underprediction,South Africa,AFRO,non-Gavi middle income countries,195668628.326784,195668628.326784,195668628.326784,195668628.326784,985341.0,1037943.0,978119.0,978119.0,0.0,978119.0,0.0,998629.0,937240.0,0.0,919950.0,883386.0,997817.0,978119.0,0.0,915911.0,973195.0,0.0,4331929.0,86.22,90.83,85.59,85.59,0.0,85.59,0.0,87.39,82.05,0.0,80.5,77.3,87.32,85.59,0.0,80.15,85.16,0.0,94.49,1142769.0,1142769.0,1142769.0,1142769.0,0.0,1142769.0,0.0,1142769.0,1142317.0,0.0,1142769.0,1142769.0,1142769.0,1142769.0,0.0,1142769.0,1142769.0,0.0,4584349.0,419015.01837188704,375986.778214776,,59392255.0,17029519.0,38815753.0,3546983.0,,1213090.0,0.9371748695001586,0.0,195.668628326784,195.668628326784,0.0,1.0,1.0
SDN,2020,64.83963435477095,58.7632440441414,37.69562619591797,145.9844966136128,145.9844966136128,51.662438116629495,51.662438116629495,overprediction,overprediction,Sudan,EMRO,Gavi low income countries,26359236.15,8885090.0,24854952.0,,1730199.0,1642466.0,1512376.0,1512376.0,0.0,0.0,0.0,1443006.0,1139490.0,1333588.0,1641720.0,1553511.0,1511650.0,1511703.0,0.0,1635841.0,1547019.0,916604.0,0.0,91.81,97.52,89.8,89.8,0.0,0.0,0.0,85.68,67.66,79.1,97.48,92.24,89.76,89.76,0.0,97.13,91.86,48.64,0.0,1884466.0,1684151.0,1684151.0,1684151.0,0.0,0.0,0.0,1684151.0,1684151.0,1684151.0,1684151.0,1684151.0,1684151.0,1684151.0,0.0,1684151.0,1684151.0,1884466.0,0.0,27034.59375,86471.5128397089,34.226,44440486.0,18299549.0,24657520.0,1483417.0,1521020.073836,2376000.0,0.979280189272635,1473115.6671318226,24.854952,26.359236149999997,1.5042841499999977,0.3370769148786582,
SUR,2020,0.5054558820265574,0.9369556923280269,0.4311718398601681,51.75381853400975,107.27028950569304,57.46395410698503,135.0947247224534,underprediction,underprediction,Suriname,AMRO,non-Gavi middle income countries,1047659.87,1047309.87,1013662.25,1013662.25,0.0,6618.0,5961.0,5961.0,9465.0,5961.0,,6157.0,3304.0,0.0,0.0,0.0,0.0,5971.0,6157.0,0.0,0.0,827.0,0.0,0.0,72.12,64.96,64.96,98.3,64.96,,65.99,35.41,0.0,0.0,0.0,0.0,65.06,65.99,0.0,0.0,0.0,0.0,0.0,9177.0,9177.0,9177.0,9629.0,9177.0,,9330.0,9330.0,0.0,0.0,0.0,0.0,9177.0,9330.0,0.0,0.0,0.0,0.0,2911.80749620227,4700.735541089714,18.279,607065.0,162500.0,401373.0,43191.0,11096.541135,156000.0,0.979280189272635,33293.19574841915,1.0136622499999999,1.04765987,0.03399762000000003,0.9996659221088615,1.0
SUR,2021,0.7101721190482444,1.0030584455236227,0.5900753824435535,413.41801403694876,413.41801403694876,354.59652581898087,354.59652581898087,overprediction,overprediction,Suriname,AMRO,non-Gavi middle income countries,138322.4,138322.4,129802.0,129802.0,0.0,8815.0,8159.0,8159.0,9157.0,8159.0,,7462.0,5565.0,0.0,0.0,0.0,0.0,8159.0,7462.0,0.0,0.0,0.0,0.0,0.0,93.41,86.46,86.46,97.03,86.46,,79.07,58.01,0.0,0.0,0.0,0.0,86.46,79.07,0.0,0.0,0.0,0.0,0.0,9437.0,9437.0,9437.0,9437.0,9437.0,,9437.0,9594.0,0.0,0.0,0.0,0.0,9437.0,9437.0,0.0,0.0,0.0,0.0,2984.70624365482,4572.423378748209,,612985.0,162329.0,406116.0,44541.0,,156000.0,0.9371748695001586,7985.104758089146,0.129802,0.13832239999999998,0.008520399999999996,1.0,1.0
TJK,2020,4.285134124219525,4.361311067477393,5.470761601502938,15.344606321880269,18.125964165052697,37.08849049254369,37.08849049254369,underprediction,overprediction,Tajikistan,EURO,Gavi low-middle income countries,5061856.0,1867045.0,3990679.0,1250179.0,243504.0,248041.0,244864.0,244864.0,246702.0,0.0,0.0,243731.0,0.0,0.0,0.0,0.0,0.0,245709.0,252342.0,243596.0,241029.0,246177.0,0.0,98.0,97.97,96.71,96.71,99.22,0.0,0.0,98.12,0.0,0.0,0.0,0.0,0.0,97.05,96.57,96.21,95.2,97.23,0.0,248653.0,253186.0,253186.0,253186.0,248653.0,0.0,0.0,248408.0,0.0,0.0,0.0,0.0,0.0,253186.0,261312.0,253186.0,253186.0,253186.0,0.0,8133.9966479039695,12160.253700568981,27.53,9543207.0,3482737.0,5751634.0,308836.0,262724.48871,139960.0,0.979280189272635,1048982.4153044932,3.9906789999999996,5.061856,1.0711769999999996,0.36884593319130377,0.31327475850600867
TGO,2020,8.589971064214645,8.916962865209046,6.072554964914388,38.24035789108305,38.24035789108305,30.71956059067243,30.71956059067243,overprediction,overprediction,Togo,AFRO,Gavi low income countries,6213794.0,1356137.0,4645483.0,1034483.0,287388.0,295966.0,286751.0,286751.0,0.0,286751.0,0.0,270128.0,195523.0,262613.0,295888.0,286664.0,286582.0,285424.0,270128.0,294257.0,285105.0,250471.0,250504.0,81.92,91.48,88.63,88.63,0.0,88.63,0.0,83.49,60.43,74.86,91.45,88.6,88.58,88.22,83.49,90.95,88.12,71.39,77.43,350826.0,323540.0,323540.0,323540.0,0.0,323540.0,0.0,323540.0,323540.0,350826.0,323540.0,323540.0,323540.0,323540.0,323540.0,323540.0,323540.0,350826.0,323540.0,7574.63697866175,5521.407457754098,32.302,8442580.0,3419062.0,4765331.0,258187.0,272712.21916,54390.0,0.979280189272635,1535815.8929183548,4.6454830000000005,6.213793999999999,1.5683109999999991,0.2182462115737986,0.22268577885227434
TGO,2021,9.678300191284894,9.547179552523355,6.726260131556153,25.52286851562975,25.52286851562975,18.693653250699562,18.693653250699562,overprediction,overprediction,Togo,AFRO,Gavi low income countries,7710388.0,1381999.0,5666908.0,1060345.0,302695.0,304771.0,296382.0,296382.0,0.0,296382.0,0.0,276502.0,212895.0,253069.0,304918.0,298523.0,296584.0,293854.0,276502.0,303735.0,297089.0,257508.0,278860.0,84.37,92.11,89.57,89.57,0.0,89.57,0.0,83.57,64.34,70.54,92.15,90.22,89.64,88.81,83.57,91.8,89.79,71.77,84.28,358783.0,330878.0,330878.0,330878.0,0.0,330878.0,0.0,330878.0,330878.0,358783.0,330878.0,330878.0,330878.0,330878.0,330878.0,330878.0,330878.0,358783.0,330878.0,8413.2005676151,5811.866338249721,,8644829.0,3479407.0,4897786.0,267636.0,,54390.0,0.9371748695001586,1915098.1023261836,5.666908,7.710387999999999,2.0434799999999993,0.17923858047091795,0.18711173712366602
TUN,2020,6.278577693787189,6.814543791739795,5.650630234185206,65.37478921824409,188.80690613063416,67.48341052734696,207.5353277258723,underprediction,underprediction,Tunisia,EMRO,non-Gavi middle income countries,18132965.9864349,17660340.2245447,17377684.2092787,17377684.2092787,155958.0,163508.0,167568.0,167568.0,136154.0,167568.0,0.0,178649.0,176041.0,157110.0,163508.0,167246.0,149949.0,167568.0,178649.0,0.0,0.0,0.0,0.0,84.68,89.68,91.91,91.91,73.93,91.91,0.0,92.87,91.52,96.09,89.68,91.73,82.24,91.91,92.87,0.0,0.0,0.0,0.0,184168.0,182327.0,182327.0,182327.0,184168.0,182327.0,0.0,192356.0,192356.0,163508.0,182327.0,182327.0,182327.0,182327.0,192356.0,0.0,0.0,0.0,0.0,42537.832456265096,47935.51966925607,16.628,12161723.0,3034359.0,8084072.0,1043292.0,202225.13004400002,155360.0,0.979280189272635,739632.4816876985,17.377684209278698,18.1329659864349,0.7552817771562028,0.9739355512912908,1.0
TUN,2021,15.891389069028664,19.00594388409804,18.52777926343474,16.922111204052722,20.36897115382429,3.7514564888055415,3.7514564888055415,underprediction,overprediction,Tunisia,EMRO,non-Gavi middle income countries,19128301.5244411,18202471.9087721,17857849.7984111,17857849.7984111,137816.0,153634.0,157475.0,157475.0,118234.0,157475.0,0.0,161154.0,166418.0,147396.0,153634.0,160729.0,155733.0,157475.0,161154.0,0.0,0.0,0.0,0.0,79.65,89.69,91.94,91.94,68.34,91.94,0.0,89.76,92.69,95.94,89.69,93.84,90.92,91.94,89.76,0.0,0.0,0.0,0.0,173017.0,171287.0,171287.0,171287.0,173017.0,171287.0,0.0,179537.0,179537.0,153634.0,171287.0,171287.0,171287.0,171287.0,179537.0,0.0,0.0,0.0,0.0,46686.741814278,50007.664979931054,,12262946.0,3055772.0,8128325.0,1078849.0,,155360.0,0.9371748695001586,1190635.4305484165,17.857849798411102,19.1283015244411,1.27045172603,0.9515989637404018,1.0
TUV,2021,0.5029043620316873,0.5029043620316874,0.08850239383030266,2086.540704485597,2086.540704485597,284.79301665348976,284.79301665348976,overprediction,overprediction,Tuvalu,WPRO,non-Gavi middle income countries,23000.0,10000.0,23000.0,10000.0,281.0,283.0,269.0,269.0,280.0,269.0,,306.0,266.0,0.0,180.0,170.0,0.0,250.0,306.0,180.0,170.0,0.0,0.0,100.0,98.95,94.06,94.1,99.6,94.1,,93.3,84.1,0.0,97.3,91.9,0.0,87.4,93.3,97.3,91.9,0.0,0.0,281.0,286.0,286.0,286.0,281.0,286.0,,328.0,316.0,0.0,185.0,185.0,185.0,286.0,328.0,185.0,185.0,0.0,0.0,63.1009615384615,51.00804192282782,,11204.0,3544.0,6963.0,697.0,,30.0,0.9371748695001586,0.0,0.023,0.023,0.0,0.43478260869565216,0.43478260869565216
UGA,2021,74.85571586065548,69.86926690300568,50.405968878424346,58.80580059854979,58.80580059854979,28.74897568897768,28.74897568897768,overprediction,overprediction,Uganda,AFRO,Gavi low income countries,47136638.3208417,8947036.90340928,39150578.5647502,6139861.31143275,1726775.0,1779591.0,1675805.0,1675805.0,0.0,1675805.0,0.0,1656729.0,0.0,1187782.0,1783765.0,1685485.0,1680724.0,1670100.0,1656729.0,1737658.0,1596354.0,0.0,0.0,83.17,96.68,91.04,91.04,0.0,91.04,0.0,90.0,0.0,57.21,96.9,91.56,91.31,90.73,90.0,94.4,86.72,0.0,0.0,2076216.0,1840768.0,1840768.0,1840768.0,0.0,1840768.0,0.0,1840768.0,0.0,2076216.0,1840768.0,1840768.0,1840768.0,1840768.0,1840768.0,1840768.0,1840768.0,0.0,0.0,40529.7890255702,44926.37905537665,,45853778.0,20722071.0,24362660.0,769047.0,,200520.0,0.9371748695001586,7484334.509735517,39.150578564750205,47.1366383208417,7.986059756091497,0.18981067004630456,0.15682683466039155
UZB,2020,28.51638960621557,28.51638960621557,21.629563761688782,37.46214883091262,59.90315965546039,18.76193517932223,18.76193517932223,underprediction,overprediction,Uzbekistan,EURO,non-Gavi middle income countries,45598608.0,22476190.0,18212539.0,13162539.0,831351.0,767612.0,765558.0,765745.0,807735.0,765745.0,0.0,754359.0,667288.0,0.0,721265.0,703748.0,699573.0,782209.0,754359.0,771090.0,725110.0,0.0,0.0,99.6,95.51,95.25,95.28,96.79,95.28,0.0,99.82,99.61,0.0,89.74,87.56,92.57,97.33,99.82,95.94,90.22,0.0,0.0,834521.0,803700.0,803700.0,803700.0,834521.0,803700.0,0.0,755694.0,669906.0,0.0,803700.0,803700.0,755694.0,803700.0,755694.0,803700.0,803700.0,0.0,0.0,59894.3053528955,115123.07271674933,24.6,34232050.0,10190913.0,22374882.0,1666255.0,842108.43,435789.0,0.979280189272635,26818634.83375344,18.212539,45.59860799999999,27.386068999999996,0.49291395035567753,0.7227185072877538
VNM,2020,31.580294302160603,36.61666910147288,22.198370926750265,70.59221455131264,70.59221455131264,64.8691189178222,64.8691189178222,overprediction,overprediction,Vietnam,WPRO,non-Gavi middle income countries,18512154.4879538,11817289.1803898,13464238.2226928,9015799.68891969,1501282.0,1515779.0,1482818.0,1482818.0,1293786.0,1482818.0,,1530881.0,1435462.0,1399908.0,0.0,0.0,0.0,1257521.0,1435462.0,0.0,0.0,1358949.0,0.0,95.37,96.29,94.2,94.2,82.19,94.2,,97.25,92.86,88.93,0.0,0.0,0.0,79.89,92.86,0.0,0.0,87.82,0.0,1574139.0,1574139.0,1574139.0,1574139.0,1574139.0,1574139.0,,1574139.0,1545910.0,1574139.0,0.0,0.0,0.0,1574139.0,1545910.0,0.0,0.0,1547461.0,0.0,346615.750664384,344816.30044080014,15.4,96648685.0,21932616.0,66571089.0,8144980.0,1488389.749,313429.0,0.979280189272635,4943324.395677207,13.464238222692801,18.5121544879538,5.047916265261002,0.6383529906299953,0.6696108268289804
ZMB,2020,31.006965789839253,29.23864348810684,22.595593373590628,6.634500740029366,6.634500740029366,21.944183492403173,21.944183492403173,overprediction,overprediction,Zambia,AFRO,Gavi low-middle income countries,29077799.0,6081308.0,18529455.63,5053436.89,643080.0,647165.0,619855.0,619855.0,0.0,619855.0,0.0,703631.0,729697.0,0.0,653479.0,642178.0,624907.0,610775.0,703631.0,645242.0,636825.0,0.0,0.0,84.69,88.01,84.29,84.29,0.0,84.29,0.0,95.69,102.0,0.0,88.87,87.33,84.98,83.06,95.69,87.75,86.6,0.0,0.0,759370.0,735358.0,735358.0,735358.0,0.0,735358.0,0.0,735358.0,715417.0,0.0,735358.0,735358.0,735358.0,735358.0,735358.0,735358.0,735358.0,0.0,735358.0,18110.631358311402,24925.700645973382,34.953,18927715.0,8267697.0,10332596.0,327423.0,661580.4223950001,743390.0,0.979280189272635,10329783.691886347,18.529455629999998,29.077799,10.548343370000001,0.20913921304703975,0.2727245198622168
ZMB,2021,30.513002763431924,32.676432368831826,20.494969743110467,41.029432742109975,41.029432742109975,39.08396238948077,39.08396238948077,overprediction,overprediction,Zambia,AFRO,Gavi low-middle income countries,21635911.15,5530191.31,14735681.52,4014518.68,720562.0,715723.0,693537.0,693537.0,0.0,693537.0,0.0,690756.0,475899.0,0.0,717645.0,696972.0,678075.0,661691.0,690756.0,685938.0,664117.0,0.0,0.0,91.92,93.66,90.76,0.0,0.0,90.76,0.0,90.39,80.97,0.0,93.91,91.21,88.73,86.59,90.39,89.76,86.91,0.0,0.0,783943.0,764176.0,764176.0,764176.0,0.0,764176.0,0.0,764176.0,587723.0,0.0,764176.0,764176.0,764176.0,764176.0,764176.0,764176.0,764176.0,0.0,0.0,22147.6347273584,26071.967325985224,,19473125.0,8424534.0,10709967.0,338624.0,,743390.0,0.9371748695001586,6466721.803016376,14.73568152,21.63591115,6.900229629999998,0.2556024228265515,0.27243522293497563
ZWE,2020,32.96940278654573,40.32360469648974,15.942448053671828,100.35743384542424,100.35743384542424,47.073837383379114,47.073837383379114,overprediction,overprediction,Zimbabwe,AFRO,Gavi low-middle income countries,16455293.0,7770692.0,10839758.0,3155758.0,429962.0,430862.0,399529.0,0.0,0.0,0.0,0.0,394076.0,344498.0,331889.0,430190.0,405613.0,397894.0,400626.0,394076.0,429073.0,408080.0,353439.0,553259.0,88.01,92.83,86.08,0.0,0.0,0.0,0.0,84.91,74.23,67.93,92.69,87.39,85.73,86.32,84.91,92.45,87.92,62.47,28.96,488550.0,464123.0,464123.0,0.0,0.0,0.0,0.0,464123.0,464123.0,488551.0,464123.0,464123.0,464123.0,464123.0,464123.0,464123.0,464123.0,565738.0,1910342.0,21509.698406111598,20232.170843999902,31.009,15669666.0,6449021.0,8691596.0,529049.0,485900.672994,386850.0,0.979280189272635,5499182.177667107,10.839758,16.455293,5.615535,0.47223054612275817,0.29112808606981816
ZWE,2021,32.05655409751326,29.401604165200812,22.783984298013372,54.16784179387011,54.16784179387011,62.9489452367966,62.9489452367966,overprediction,overprediction,Zimbabwe,AFRO,Gavi low-middle income countries,20793282.0,6811098.0,13982284.0,4411152.0,434249.0,439711.0,409170.0,0.0,0.0,0.0,0.0,0.0,0.0,313754.0,435844.0,411328.0,375489.0,405573.0,366795.0,428802.0,401746.0,492312.0,89322.0,82.04,83.07,77.3,0.0,0.0,0.0,0.0,0.0,0.0,59.27,82.34,77.71,70.94,76.62,69.29,81.01,75.9,0.0,16.87,529341.0,529341.0,529341.0,0.0,0.0,0.0,0.0,0.0,0.0,529341.0,529341.0,529341.0,529341.0,529341.0,529341.0,529341.0,529341.0,0.0,529341.0,28371.2386655116,21945.434489820178,,15993524.0,6540280.0,8915327.0,537917.0,,386850.0,0.9371748695001586,6383096.161815839,13.982284000000002,20.793281999999998,6.810997999999998,0.3275624309813141,0.315481505024501
